timestamp,Average Flow Duration - s1,Average Flow Duration - s10,Average Flow Duration - s2,Average Flow Duration - s3,Average Flow Duration - s4,Average Flow Duration - s5,Average Flow Duration - s6,Average Flow Duration - s7,Average Flow Duration - s8,Average Flow Duration - s9,Average Packets Per Flow - s1,Average Packets Per Flow - s10,Average Packets Per Flow - s2,Average Packets Per Flow - s3,Average Packets Per Flow - s4,Average Packets Per Flow - s5,Average Packets Per Flow - s6,Average Packets Per Flow - s7,Average Packets Per Flow - s8,Average Packets Per Flow - s9,Bridge Controller Status,CPU Utilization,Database Space Utilization,Flow Stablity Index - s1,Flow Stablity Index - s10,Flow Stablity Index - s2,Flow Stablity Index - s3,Flow Stablity Index - s4,Flow Stablity Index - s5,Flow Stablity Index - s6,Flow Stablity Index - s7,Flow Stablity Index - s8,Flow Stablity Index - s9,Memory Per Bridge,Rate of Packet in Messages - s1,Rate of Packet in Messages - s10,Rate of Packet in Messages - s2,Rate of Packet in Messages - s3,Rate of Packet in Messages - s4,Rate of Packet in Messages - s5,Rate of Packet in Messages - s6,Rate of Packet in Messages - s7,Rate of Packet in Messages - s8,Rate of Packet in Messages - s9,Rate of Port Flapping - s1,Rate of Port Flapping - s10,Rate of Port Flapping - s2,Rate of Port Flapping - s3,Rate of Port Flapping - s4,Rate of Port Flapping - s5,Rate of Port Flapping - s6,Rate of Port Flapping - s7,Rate of Port Flapping - s8,Rate of Port Flapping - s9,Resource Utilization
2025-03-23 03:26:20,0,0,0,0,0,0,0,0,0,0,0,4,1,1,2,2,1,0,1,0,1,3.6,73.81609821814631,1,1,1,1,1,1,1,1,1,1,0.86508,3.3600233333333334,8.048050333333334,1.9703833333333334,3.5933566666666663,2.8985366666666668,3.3785366666666667,1.8563066666666665,215.16158233333334,2.3177933333333334,3.7862443333333324,0,0,0,0,0,0,0,0,0,0,2.158083858626398
2025-03-23 03:26:30,11,12,11,12,12,12,12,11,12,11,10,15,6,11,9,10,6,250,7,11,1,4,73.81729060345643,1,1,1,1,1,1,1,1,1,1,0.86508,166.34251020782293,11.772782527540292,4.60528240254654,8.18601886572338,8.202610702798193,7.06075862873523,4.838615735879873,186.1891532090062,357.1113049347533,340.0019627351966,0,0,0,0,0,0,0,0,0,0,2.158083858626398
2025-03-23 03:26:40,23,23,23,23,23,23,23,23,23,23,389,30,15,27,26,23,16,265,379,268,1,4.9,73.8113286769058,1,1,1,1,1,1,1,1,1,1,0.86508,156.28275213048454,11.358783262780129,4.319086697110096,7.68069608790818,7.6962017932735565,6.6605190938079835,4.55242003044343,175.39806850882746,584.2285909358576,899.7045790695864,0,0,0,0,0,0,0,0,0,0,2.158083858626398
2025-03-23 03:26:50,23,23,23,23,23,23,23,34,23,23,389,30,15,27,26,23,16,265,379,268,1,5.6,73.8710065843126,1,1,1,1,1,1,1,1,1,1,0.86508,151.58760354955632,11.791085364329458,4.961050368703912,7.427332333458318,8.227752780902387,6.983482564679414,4.408924384451943,169.69636295463067,564.5035668041494,1070.9144061992251,0,0,0,0,0,0,0,0,0,0,2.158083858626398
2025-03-23 03:27:00,34,35,34,35,35,35,35,34,35,34,390,30,15,27,26,23,16,266,628,606,1,5.9,73.81947990107503,1,1,1,1,1,1,1,1,1,1,0.86508,148.29737314348182,11.563096285630483,4.858276404554302,7.7882735381169494,8.059037610324507,6.8522506199504045,5.34773791430019,166.29116230701544,552.2371201637202,1047.6521210969788,0,0,0,0,0,0,0,0,0,0,2.158083858626398
2025-03-23 03:27:10,46,47,46,47,47,47,47,46,47,46,397,35,19,34,35,28,23,269,634,849,1,6.3,73.82946857145984,1,1,1,1,1,1,1,1,1,1,0.86508,149.16552590790153,15.358777464820031,6.823061948967517,11.865311022594069,12.39883390832375,9.555130525602353,132.72626906218233,167.94439976000402,546.4958804019933,1349.5403493830656,0,0,0,0,0,0,0,0,0,0,2.158083858626398
2025-03-23 03:27:20,58,58,58,58,58,58,58,58,58,58,403,48,25,45,45,35,284,281,640,1182,1,6.9,73.83292844358922,1,1,1,1,1,1,1,1,1,1,0.86636,148.81310933333333,15.706984333333331,6.752242476190476,11.99244038095238,12.520229523809522,9.712245809523807,343.35843466666665,166.52942347619046,540.874855047619,1640.3289827619049,0,0,0,0,0,0,0,0,0,0,2.161277028436175
2025-03-23 03:27:30,70,70,69,71,70,70,71,69,70,69,408,48,25,45,45,36,564,282,640,1491,1,7.4,73.83396445049803,1,1,1,1,1,1,1,1,1,1,0.86636,147.60063733333334,15.589444624999999,6.6990455,11.898385333333332,12.4218675,9.640715083333333,437.0861640833333,165.27699554166668,536.4629981666667,1788.8049699166663,0,0,0,0,0,0,0,0,0,0,2.161277028436175
2025-03-23 03:27:40,82,82,82,82,82,82,82,82,82,82,408,48,25,45,45,36,813,282,640,1750,1,7.9,73.8307000513703,1,1,1,1,1,1,1,1,1,1,0.86636,146.6250720580612,15.494871176775531,6.656242760867955,11.822707842701623,12.342724579723026,9.583160853143747,565.2645747241354,164.26928138191514,532.9131806265275,1880.7470829445306,0,0,0,0,0,0,0,0,0,0,2.161277028436175
2025-03-23 03:27:50,82,82,93,82,82,82,82,93,82,94,408,48,25,45,45,36,813,282,640,2056,1,8.4,73.8317360582791,1,1,1,1,1,1,1,1,1,1,0.86636,145.90317653333332,15.669630033333334,6.624569733333333,11.766708266666667,12.528901666666666,9.003572066666667,636.2338586666666,163.52359643333332,530.7758805333333,1935.0219452333336,0,0,0,0,0,0,0,0,0,0,2.161277028436175
2025-03-23 03:28:00,94,95,93,96,96,95,96,93,95,94,408,48,25,45,46,36,1140,282,642,2056,1,9.3,73.87233580072387,1,1,1,1,1,1,1,1,1,1,0.86636,146.5017783313031,16.339593007399866,7.815869469039957,13.180818166942421,13.20866953934171,9.946980688505388,882.707627315867,163.8580706108374,529.249263528542,2298.578963382484,0,0,0,0,0,0,0,0,0,0,2.161277028436175
2025-03-23 03:28:10,107,107,107,107,107,107,107,107,107,107,411,51,28,47,47,40,1469,283,644,2408,1,9.9,73.873528186034,1,1,1,1,1,1,1,1,1,1,0.86636,147.70844994055753,18.870467095541258,8.774068586602668,14.734759313578436,16.233377359643566,11.91571819828228,1093.7570975967467,165.63485217159428,528.4788494550181,2653.134443240781,0,0,0,0,0,0,0,0,0,0,2.161277028436175
2025-03-23 03:28:20,118,118,118,118,118,118,118,118,118,118,418,60,33,56,59,45,1870,295,648,2819,1,10.3,73.8746228348433,1,1,1,1,1,1,1,1,1,1,0.86636,148.47752234581006,20.02840540914755,9.232712265965137,16.144677697266197,17.39670505069153,12.851302441500899,1287.0562005969139,158.51699372672374,527.6239161705205,2819.5104389163243,0,0,0,0,0,0,0,0,0,0,2.161277028436175
2025-03-23 03:28:30,129,129,129,129,129,129,129,129,129,129,423,65,35,62,64,49,2219,298,651,3026,1,10.5,73.87534608494943,1,1,1,1,1,1,1,1,1,1,0.86636,148.5789709047619,20.22169704761905,9.209551857142857,18.025833571428574,17.353134642857142,12.28376042857143,1390.4144415714288,218.57493009523807,526.2666467857143,2812.256388809524,0,0,0,0,0,0,0,0,0,0,2.161277028436175
2025-03-23 03:28:40,140,140,140,141,141,140,141,140,141,140,425,66,35,68,64,49,2396,374,651,3026,1,10.5,73.86965782060113,1,1,1,1,1,1,1,1,1,1,0.86636,148.4852118319211,20.179013628798028,9.18929980466797,17.986216758554942,17.315035566429557,38.52592951602545,1387.278455610296,237.71660908927274,525.3207526394269,2806.3125290498065,0,0,0,0,0,0,0,0,0,0,2.161277028436175
2025-03-23 03:28:50,152,152,152,153,153,152,153,152,153,56,426,66,35,68,64,82,2396,390,652,1076.3333333333333,1,10.6,73.84428542498567,1,1,1,1,1,1,1,1,1,1,0.86636,148.1909551279247,19.40946503346812,9.171523617265509,17.951443202106624,17.281594199275432,38.451340579030806,1384.525851931943,558.9012628096556,524.278536548273,2800.744073444456,0,0,0,0,0,0,0,0,0,0,2.161277028436175
2025-03-23 03:29:00,164,152,164,153,153,152,153,164,153,51,426,66,35,68,64,82,2396,522,652,1172.6666666666667,1,10.7,73.84567328329746,1,1,1,1,1,1,1,1,1,1,0.86636,147.93566682352943,19.343358352941177,60.71749376470588,17.92127470588235,17.252581470588236,38.386629450980394,1382.1377754117648,1222.431343509804,523.3743410784314,2796.111941490197,0,0,0,0,0,0,0,0,0,0,2.161277028436175
2025-03-23 03:29:10,164,164,164,164,164,164,164,164,164,51,426,66,63,68,64,82,2396,766,652,983.25,1,10.8,73.84625970230245,1,1,1,1,1,1,1,1,1,1,0.86636,147.70545863634092,19.284178575551124,60.623223426536526,68.9436936461464,17.226419019894337,67.53372770151276,1379.984309087172,1383.7511346788815,522.5589758760599,2791.755217341385,0,0,0,0,0,0,0,0,0,0,2.161277028436175
2025-03-23 03:29:20,175,175,175,175,175,175,175,175,175,61.75,426,66,63,95,64,98,2396,824,652,1042.75,1,10.7,73.8466897429061,1,1,1,1,1,1,1,1,1,1,0.86636,170.52439380143613,19.231327209081172,60.53919456564264,73.78215495357041,50.81956486193933,93.0432013164843,1378.0647941502064,1461.6453888488306,633.9269675773636,2829.721433448596,0,0,0,0,0,0,0,0,0,0,2.161277028436175
2025-03-23 03:29:30,185,185,185,185,185,185,185,186,185,72.25,426,66,63,95,64,98,2396,824,652,1042.75,1,10.6,73.84004366084966,1,1,1,1,1,1,1,1,1,1,0.86636,316.1243639,1713.3114247166668,60.463869700000004,73.69058045,50.995708883333336,102.60917364999999,1376.3441091000002,1500.4518584666666,633.1354543333333,2826.5841250000003,0,0,0,0,0,0,0,0,0,0,2.161277028436175
2025-03-23 03:29:40,196,196,196,196,196,196,196,196,196,49.42857142857143,443,125,63,95,76,152,2396,848,689,606.8571428571429,1,10.6,73.844324519586,1,1,1,1,1,1,1,1,1,1,0.86636,370.3028897619048,2483.6635410317463,86.90181906349207,73.60737820634921,100.05919082539683,102.73242300000003,1374.7807388253968,1572.4107110476193,632.8938368253968,2823.61205920635,0,0,0,0,0,0,0,0,0,0,2.161277028436175
2025-03-23 03:29:50,207,207,207,207,207,207,206,207,207,60,554,477,63,95,77,152,2396,888,689,612,1,10.7,73.8416856340636,1,1,1,1,1,1,1,1,1,1,0.86636,434.99147406060604,3029.7097184696972,87.76626546969698,93.2844903030303,140.31355057575757,125.6169504848485,1409.1849923030302,1571.0366216060606,632.4780901515151,2821.169911969697,0,0,0,0,0,0,0,0,0,0,2.161277028436175
2025-03-23 03:30:00,217,217,217,217,217,217,217,217,217,70.42857142857143,588,657,83,95,345,170,2397,889,691,612.1428571428571,1,10.8,73.84295620857438,1,1,1,1,1,1,1,1,1,1,0.86636,489.4981847180374,3027.310696765087,87.92144122561785,2059.3176713434577,140.41905191716558,125.97515483266017,1408.0720273100262,1595.7523633520436,632.3543300536373,2837.7662989146424,0,0,0,0,0,0,0,0,0,0,2.161277028436175
2025-03-23 03:30:10,228,228,228,228,228,228,228,228,228,81.14285714285714,665,805,84,236,346,171,2415,889,692,612.4285714285714,1,10.8,73.84739344571206,1,1,1,1,1,1,1,1,1,1,0.86636,524.9522319027778,3026.7572739444445,88.57363884722221,3250.966795805556,162.36210431944446,127.07130413888889,1408.9865650000002,1596.179088666667,632.9006635972222,2857.8276543055554,0,0,0,0,0,0,0,0,0,0,2.161277028436175
2025-03-23 03:30:20,238,238,238,238,238,238,123,238,238,91.42857142857143,671,807,85,669,349,174,1215.5,904,694,615,1,10.8,73.84807760121788,1,1,1,1,1,1,1,1,1,1,0.86636,524.5332092933334,3024.3412496533338,88.74098969333333,3248.3710573066664,162.23282014666668,126.97058530666665,1407.8617690666667,1618.7860629333336,632.3954370533334,2858.5606353733333,0,0,0,0,0,0,0,0,0,0,2.161277028436175
2025-03-23 03:30:30,249,249,249,249,249,249,69.75,249,249,102.42857142857143,698,813,87,851,372,177,614.5,931,697,617,1,10.9,73.844441803387,1,1,1,1,1,1,1,1,1,1,0.86636,524.1464191923078,3022.824236076923,88.6756952179487,3522.559859153846,162.5889227051282,126.8776140769231,1432.7724298589744,1617.6014707692307,651.4289797051282,2856.4524058076922,0,0,0,0,0,0,0,0,0,0,2.161277028436175
2025-03-23 03:30:40,260,260,260,260,260,260,65,260,260,113,699,817,88,1005,376,197,496.8,935,718,618.4285714285714,1,10.8,73.8445004452875,1,1,1,1,1,1,1,1,1,1,0.86636,524.7346285953438,3021.4490742784624,88.85213932983214,3521.626138966872,325.196406236497,182.38563743972267,1458.7793399555062,1616.7303054792185,652.6860260788192,2856.1420996511138,0,0,0,0,0,0,0,0,0,0,2.161277028436175
2025-03-23 03:30:50,270,270,270,270,270,270,76,270,270,123.42857142857143,702,820,89,1007,559,214,500.4,935,719,619.2857142857143,1,10.8,73.84690476320792,1,1,1,1,1,1,1,1,1,1,0.86636,524.6408871992123,3019.7796879892094,88.79618914456259,3519.4030270368075,1635.7609932226428,182.74589781226973,1457.8586226953948,1615.9552179694595,652.5115015541611,2854.576778178173,0,0,0,0,0,0,0,0,0,0,2.161277028436175
2025-03-23 03:31:00,281,281,281,281,281,281,86.6,281,281,134.42857142857142,704,820,90,1008,769,214,500.6,972,720,619.2857142857143,1,10.9,73.84700249970875,1,1,1,1,1,1,1,1,1,1,0.86636,524.5660859465337,3018.220705903178,88.98075216722643,3517.7834945046357,1636.4351550793904,182.63771196980252,1457.228617204939,1833.8820545605436,652.3606065245526,2852.8785547111165,0,0,0,0,0,0,0,0,0,0,2.161277028436175
2025-03-23 03:31:10,292,292,292,292,292,292,97.2,292,292,145,704,821,244,1009,769,214,500.6,1014,720,619.2857142857143,1,10.8,73.84768665521455,1,1,1,1,1,1,1,1,1,1,0.86636,525.008832954023,3018.1651426781614,619.4229429540229,3517.772348758621,1636.4189018735638,182.61142926436787,1457.2229291264368,1711.9758620689656,652.5787688965517,2852.8646754022993,0,0,0,0,0,0,0,0,0,0,2.161277028436175
2025-03-23 03:31:20,302,302,302,302,302,302,108,302,302,155.42857142857142,706,821,244,1009,947,214,500.6,1014,721,619.2857142857143,1,10.8,73.87020514500578,1,1,1,1,1,1,1,1,1,1,0.86636,395.8186062710561,3018.0998470224613,619.383416586494,3517.7033729426657,2901.463062091019,179.75924054910536,1457.1795169638517,1708.4748568098512,366.9978172338525,2619.550412242801,0,0,0,0,0,0,0,0,0,0,2.161277028436175
2025-03-23 03:31:30,313,313,313,313,313,313,119,313,313,166.42857142857142,706,821,244,1009,1298,214,500.6,1014,721,619.2857142857143,1,10.8,73.87090884781176,1,1,1,1,1,1,1,1,1,1,0.86636,395.0944658429857,3018.095913330735,619.383416586494,3517.7033729426657,4386.944452578573,179.75924054910536,1457.1795169638517,1707.9920965244708,144.18325580433037,2101.914144531533,0,0,0,0,0,0,0,0,0,0,2.161277028436175
2025-03-23 03:31:40,313,313,324,313,313,313,119,324,313,177.42857142857142,706,821,244,1009,1651,214,500.6,1014,721,619.2857142857143,1,10.8,73.87147571951658,1,1,1,1,1,1,1,1,1,1,0.86636,394.3744051642092,3018.074429394428,619.3696356731357,3517.692068672211,6004.820238072249,179.27833487358447,1457.174838181676,1708.00976565194,143.46059945654423,1914.9850342763348,0,0,0,0,0,0,0,0,0,0,2.161277028436175
2025-03-23 03:31:50,324,324,324,324,324,324,129.6,324,324,177.42857142857142,706,821,244,1009,2028,214,500.6,1014,721,619.2857142857143,1,10.8,73.87425143614014,1,1,1,1,1,1,1,1,1,1,0.86636,394.3744051642092,3018.084628063835,619.3717209777606,3517.6961076589564,7887.761504411554,179.27833487358447,1457.1640312739949,1708.0097656519401,143.46059945654423,1914.985034276335,0,0,0,0,0,0,0,0,0,0,2.161277028436175
2025-03-23 03:32:00,335,335,335,335,335,335,140,335,335,188,706,821,244,1009,2388,214,500.6,1014,721,619.2857142857143,1,10.9,73.87487694974546,1,1,1,1,1,1,1,1,1,1,0.86636,391.44482758620694,3018.012220413793,619.3378073563217,3517.6181706666666,9481.390872275862,176.60689655172416,1355.5068965517244,1704.237931034483,141.1448275862069,1611.3827586206899,0,0,0,0,0,0,0,0,0,0,2.161277028436175
2025-03-23 03:32:10,345,345,345,345,345,345,150.6,345,345,198.42857142857142,706,821,244,1009,2388,214,500.6,1014,721,619.2857142857143,1,10.9,73.8754829160506,1,1,1,1,1,1,1,1,1,1,0.86636,390.2365853910848,3018.0041830085643,619.3377723180264,3517.6140373768826,11238.63744776742,176.36490908652036,1150.458101868614,1703.9906758942209,140.9029624035779,1316.185116603046,0,0,0,0,0,0,0,0,0,0,2.161277028436175
2025-03-23 03:32:20,355,355,356,356,356,355,161,356,356,208.71428571428572,706,821,244,1009,2783,214,500.6,1014,721,619.2857142857143,1,10.9,73.87601069315508,1,1,1,1,1,1,1,1,1,1,0.86636,390.2379310344828,3018.0145390000002,619.3398861494253,3517.626128321839,12816.871246298851,176.36551724137934,1056.3586206896553,1703.996551724138,140.90344827586208,1158.3965517241381,0,0,0,0,0,0,0,0,0,0,2.161277028436175
2025-03-23 03:32:30,366,366,366,366,366,366,172,366,366,219.42857142857142,706,821,244,1009,3070,214,500.6,1014,721,619.2857142857143,1,11,73.87659711216006,1,1,1,1,1,1,1,1,1,1,0.86636,390.264845851438,3018.0179731130884,619.3405871094559,3517.6301377566265,14415.95890957997,176.37768121939442,927.7915718325401,1704.1140768328848,140.9131664252707,1056.6211462859508,0,0,0,0,0,0,0,0,0,0,2.161277028436175
2025-03-23 03:32:40,377,377,377,377,377,377,182.6,377,377,230.42857142857142,706,821,244,1009,3450,214,500.6,1014,721,619.2857142857143,1,11,73.87716398386488,1,1,1,1,1,1,1,1,1,1,0.86636,390.2365853910848,3018.0002501485624,619.3377723180264,3517.6140373768826,15973.270234355512,176.36490908652036,854.9832586784182,1703.9906758942209,140.4202054475674,993.872434922638,0,0,0,0,0,0,0,0,0,0,2.161277028436175
2025-03-23 03:32:50,387,387,387,387,387,387,192.8,388,387,240.57142857142858,706,821,244,1009,3779,214,500.6,1014,721,619.2857142857143,1,11,73.87563929445193,1,1,1,1,1,1,1,1,1,1,0.86636,389.03237597371026,3017.988794777453,619.3181779592344,3517.590840887957,17742.10027094346,175.40060482967183,608.1814075220949,1703.0369070238173,139.69703343804633,625.6297435508399,0,0,0,0,0,0,0,0,0,0,2.161277028436175
2025-03-23 03:33:00,398,398,398,398,398,398,203,398,398,251.14285714285714,706,821,244,1009,4153,214,500.6,1014,721,619.2857142857143,1,11,73.87614752425624,1,1,1,1,1,1,1,1,1,1,0.86636,387.3164642514776,3017.936936461631,619.3001850702418,4271.99631421596,17757.76620993938,173.9391306146939,395.2716915289071,1700.7427637431983,138.59061096973085,265.0604486927496,0,0,0,0,0,0,0,0,0,0,2.161277028436175
2025-03-23 03:33:10,408,408,408,408,408,408,213.8,408,408,261.42857142857144,706,821,244,1096,4259,214,500.6,1014,721,619.2857142857143,1,10.9,73.8560528996856,1,1,1,1,1,1,1,1,1,1,0.86636,415.8821784977828,3017.937613178942,619.296460699729,5171.731758391437,17758.104141120515,173.21498768957028,199.28758129366412,1700.0186208180749,137.86646804460722,91.26614666308045,0,0,0,0,0,0,0,0,0,0,2.161277028436175
2025-03-23 03:33:20,419,419,419,418,418,419,224,419,418,272,706,821,244,1481,4260,214,500.6,1014,721,619.2857142857143,1,10.9,73.85411771696917,1,1,1,1,1,1,1,1,1,1,0.86636,423.1620689655173,3045.3071707126433,619.296390908046,5171.699867999999,17758.102112586206,173.2137931034483,92.90344827586208,1776.993103448276,166.76206896551727,91.66551724137932,0,0,0,0,0,0,0,0,0,0,2.161277028436175
2025-03-23 03:33:30,429,429,429,429,429,429,234.6,429,429,221.44444444444446,733,821,244,1492,4260,215,500.8,1078,748,484.6666666666667,1,10.9,73.854450021072,1,1,1,1,1,1,1,1,1,1,0.86636,422.92068965517245,3070.762353195402,638.5433894252874,5195.9513327816085,17790.09322491954,198.13448275862072,92.90344827586208,1757.593103448276,166.76206896551727,91.50689655172415,0,0,0,0,0,0,0,0,0,0,2.161277028436175
2025-03-23 03:33:40,439,439,439,439,439,439,245,440,439,231.55555555555554,733,858,260,1496,4277,248,500.8,1079,749,484.77777777777777,1,10.8,73.85480187247498,1,1,1,1,1,1,1,1,1,1,0.86636,452.54794860654204,3070.9999682296657,660.4566928737439,5398.343411908588,17911.73487584972,225.7463844578238,92.90408899371718,1434.7409292477878,166.7632190566831,91.50752763812163,0,0,0,0,0,0,0,0,0,0,2.161277028436175
2025-03-23 03:33:50,450,450,450,450,450,450,255.4,450,450,242.22222222222223,751,859,276,1564,4346,249,500.8,1079,749,484.77777777777777,1,10.7,73.85478232517482,1,1,1,1,1,1,1,1,1,1,0.86636,452.7830842545914,3098.6947397489216,611.2337156295474,5398.5611998652885,17911.670101033782,225.74327073606392,92.90280756684437,899.4558658216151,213.2364604382039,93.07177191881436,0,0,0,0,0,0,0,0,0,0,2.161277028436175
2025-03-23 03:34:00,460,460,460,460,460,460,265.6,460,460,177.23076923076923,752,878,276,1565,4346,267,500.8,1079,811,339.53846153846155,1,10.6,73.8553687441798,1,1,1,1,1,1,1,1,1,1,0.86636,512.553491563764,3098.953418057764,611.2400387587544,5398.235276443483,17911.794537096106,196.33171148866032,93.1451487763751,859.5788261338832,213.23866634022878,94.5141190142035,0,0,0,0,0,0,0,0,0,0,2.161277028436175
2025-03-23 03:34:10,471,470,471,470,470,471,276,471,470,129.94736842105263,805,879,277,1567,4346,267,501,1138,812,238,1,10.6,73.85544693338045,1,1,1,1,1,1,1,1,1,1,0.86636,489.81548212235214,3101.0278097625624,611.2400387587544,5398.391453223403,17911.716556045598,170.9936930817003,93.1451487763751,822.061455384329,127.14526601815868,52.50707761061245,0,0,0,0,0,0,0,0,0,0,2.161277028436175
2025-03-23 03:34:20,481,481,481,481,481,481,286.8,481,481,133.6,806,880,277,1568,4348,268,501,1170,825,230.85,1,10.5,73.85570104828261,1,1,1,1,1,1,1,1,1,1,0.86636,342.8102467905505,1424.9645693320415,630.596924859398,5398.573312655386,17931.890902588366,161.45695044534023,93.38524084233612,781.0367478957114,127.14351230849337,52.34773433378275,0,0,0,0,0,0,0,0,0,0,2.161277028436175
2025-03-23 03:34:30,492,492,492,492,492,492,297,492,492,144.4,808,885,294,1569,4370,270,501.2,1171,826,230.9,1,10.4,73.85577923748328,1,1,1,1,1,1,1,1,1,1,0.86636,289.3955538084351,646.3115644428811,604.7841214340639,5399.935349073508,17933.255783140972,162.19599242761228,94.6065703221713,707.6803183437297,127.7685249361209,53.21360960824272,0,0,0,0,0,0,0,0,0,0,2.161277028436175
2025-03-23 03:34:40,502,502,502,502,502,502,307.6,502,502,154.55,813,891,297,1573,4376,272,502,1175,829,231.05,1,10.3,73.85581833208362,1,1,1,1,1,1,1,1,1,1,0.86636,223.5409734314926,91.1191186358856,603.8102791331185,5400.010960661598,17932.582157732915,138.9286391613938,58.35071809106741,707.9119325528872,127.5253874933191,52.73012534266651,0,0,0,0,0,0,0,0,0,0,2.161277028436175
2025-03-23 03:34:50,512,512,512,512,512,512,317.6,512,512,164.75,813,891,297,1575,4377,273,502,1177,829,231.05,1,10.2,73.85583787938378,1,1,1,1,1,1,1,1,1,1,0.86636,167.91089808796403,90.63636833847694,603.5689039844142,3409.1963931656355,17932.517883162935,138.44588886398512,58.12313580800332,681.3779072774608,127.04263719591043,33.44769917760039,0,0,0,0,0,0,0,0,0,0,2.161277028436175
2025-03-23 03:35:00,523,523,523,523,523,523,328,523,523,175.35,813,891,297,1575,4377,273,502,1177,829,231.1,1,10.1,73.85585742668394,1,1,1,1,1,1,1,1,1,1,0.86636,131.78139536487555,89.27493853511861,602.8351430847267,2199.3013865373805,17932.57390394812,137.70892025254912,56.68906873377172,680.5308910597477,126.17800505512012,11.351606707516819,0,0,0,0,0,0,0,0,0,0,2.161277028436175
2025-03-23 03:35:10,533,533,533,533,533,533,338.6,533,533,185.55,814,894,297,1575,4378,275,502.6,1181,830,231.25,1,10,73.85589652128427,1,1,1,1,1,1,1,1,1,1,0.86636,131.782304198951,89.2755542222268,602.5979220761307,2199.3165540808477,17932.69647900065,137.70986996596562,56.689459691518294,656.314978224213,126.17887524525776,8.293074851466029,0,0,0,0,0,0,0,0,0,0,2.161277028436175
2025-03-23 03:35:20,543,543,543,543,543,543,348.6,543,543,195.7,814,894,297,1575,4378,275,502.6,1181,830,231.25,1,9.9,73.85595516318477,1,1,1,1,1,1,1,1,1,1,0.86636,131.782304198951,88.55141878821107,602.5979220761307,1918.4761431857128,17932.688613280643,137.70986996596562,30.3412746852597,656.314978224213,106.37894352088439,8.293074851466029,0,0,0,0,0,0,0,0,0,0,2.161277028436175
2025-03-23 03:35:30,554,553,554,553,553,553,359,554,553,206.2,814,894,297,1575,4378,275,502.6,1181,830,231.25,1,9.8,73.85599425778511,1,1,1,1,1,1,1,1,1,1,0.86636,131.78275862068966,88.79310344827587,602.6,1917.6827586206898,17917.065517241383,81.70344827586207,2.9103448275862074,656.0758620689655,104.88620689655174,8.051724137931036,0,0,0,0,0,0,0,0,0,0,2.161277028436175
2025-03-23 03:35:40,564,564,564,553,564,564,359,564,564,216.45,818,898,298,1578,4383,277,502.6,1181,831,231.55,1,9.7,73.85601380508527,1,1,1,1,1,1,1,1,1,1,0.86636,131.5409257209458,88.55141878821108,602.5979220761309,1917.6761459443246,16584.304881707307,81.22040958479454,2.9103347919489937,655.8322212682026,104.64446674321813,7.810317895455534,0,0,0,0,0,0,0,0,0,0,2.161277028436175
2025-03-23 03:35:50,564,564,564,564,564,564,369.4,564,564,216.45,818,898,298,1578,4383,277,502.6,1181,831,231.55,1,9.6,73.85603335238542,1,1,1,1,1,1,1,1,1,1,0.86636,131.30045276018194,88.31064934706671,602.3606977955096,1917.2066110572796,16582.74338877031,81.22096972748182,2.6689747206024848,433.16011434522187,104.4038082889941,7.810371759902621,0,0,0,0,0,0,0,0,0,0,2.161277028436175
2025-03-23 03:36:00,574,574,574,574,574,574,379.6,574,574,226.7,818,898,298,1578,4383,277,502.6,1181,831,231.55,1,9.5,73.85609199428593,1,1,1,1,1,1,1,1,1,1,0.86636,131.29818899049667,88.55050275168618,62.94395939366353,1917.6563081888526,16582.457483345057,81.4609453662708,2.9103046854526142,433.3940221514186,104.64338422918304,7.810237100177928,0,0,0,0,0,0,0,0,0,0,2.161277028436175
2025-03-23 03:26:20,584,584,585,584,584,584,390,585,584,237,820,899,299,1580,4383,278,502.8,1182,833,231.55,1,9.5,73.8561115415861,1,1,1,1,1,1,1,1,1,1,0.86636,,,,,,,,,,,,,,,,,,,,,2.161277028436175
2025-03-23 03:26:30,,,,,,,,,,,,,,,,,,,,,1,,,,,,,,,,,,,,,,,,,,,,,,,,,,,,,,,,
2025-03-23 03:26:40,,,,,,,,,,,,,,,,,,,,,1,,,,,,,,,,,,,,,,,,,,,,,,,,,,,,,,,,
2025-03-23 03:26:50,,,,,,,,,,,,,,,,,,,,,1,,,,,,,,,,,,,,,,,,,,,,,,,,,,,,,,,,
2025-03-23 03:27:00,,,,,,,,,,,,,,,,,,,,,1,,,,,,,,,,,,,,,,,,,,,,,,,,,,,,,,,,
2025-03-23 03:27:10,,,,,,,,,,,,,,,,,,,,,1,,,,,,,,,,,,,,,,,,,,,,,,,,,,,,,,,,
2025-03-23 03:27:20,,,,,,,,,,,,,,,,,,,,,1,,,,,,,,,,,,,,,,,,,,,,,,,,,,,,,,,,
2025-03-23 03:27:30,,,,,,,,,,,,,,,,,,,,,1,,,,,,,,,,,,,,,,,,,,,,,,,,,,,,,,,,
2025-03-23 03:27:40,,,,,,,,,,,,,,,,,,,,,1,,,,,,,,,,,,,,,,,,,,,,,,,,,,,,,,,,
2025-03-23 03:27:50,,,,,,,,,,,,,,,,,,,,,1,,,,,,,,,,,,,,,,,,,,,,,,,,,,,,,,,,
2025-03-23 03:28:00,,,,,,,,,,,,,,,,,,,,,1,,,,,,,,,,,,,,,,,,,,,,,,,,,,,,,,,,
2025-03-23 03:28:10,,,,,,,,,,,,,,,,,,,,,1,,,,,,,,,,,,,,,,,,,,,,,,,,,,,,,,,,
2025-03-23 03:28:20,,,,,,,,,,,,,,,,,,,,,1,,,,,,,,,,,,,,,,,,,,,,,,,,,,,,,,,,
2025-03-23 03:28:30,,,,,,,,,,,,,,,,,,,,,1,,,,,,,,,,,,,,,,,,,,,,,,,,,,,,,,,,
2025-03-23 03:28:40,,,,,,,,,,,,,,,,,,,,,1,,,,,,,,,,,,,,,,,,,,,,,,,,,,,,,,,,
2025-03-23 03:28:50,,,,,,,,,,,,,,,,,,,,,1,,,,,,,,,,,,,,,,,,,,,,,,,,,,,,,,,,
2025-03-23 03:29:00,,,,,,,,,,,,,,,,,,,,,1,,,,,,,,,,,,,,,,,,,,,,,,,,,,,,,,,,
2025-03-23 03:29:10,,,,,,,,,,,,,,,,,,,,,1,,,,,,,,,,,,,,,,,,,,,,,,,,,,,,,,,,
2025-03-23 03:29:20,,,,,,,,,,,,,,,,,,,,,1,,,,,,,,,,,,,,,,,,,,,,,,,,,,,,,,,,
2025-03-23 03:29:30,,,,,,,,,,,,,,,,,,,,,1,,,,,,,,,,,,,,,,,,,,,,,,,,,,,,,,,,
2025-03-23 03:29:40,,,,,,,,,,,,,,,,,,,,,1,,,,,,,,,,,,,,,,,,,,,,,,,,,,,,,,,,
2025-03-23 03:29:50,,,,,,,,,,,,,,,,,,,,,1,,,,,,,,,,,,,,,,,,,,,,,,,,,,,,,,,,
2025-03-23 03:30:00,,,,,,,,,,,,,,,,,,,,,1,,,,,,,,,,,,,,,,,,,,,,,,,,,,,,,,,,
2025-03-23 03:30:10,,,,,,,,,,,,,,,,,,,,,1,,,,,,,,,,,,,,,,,,,,,,,,,,,,,,,,,,
2025-03-23 03:30:20,,,,,,,,,,,,,,,,,,,,,1,,,,,,,,,,,,,,,,,,,,,,,,,,,,,,,,,,
2025-03-23 03:30:30,,,,,,,,,,,,,,,,,,,,,1,,,,,,,,,,,,,,,,,,,,,,,,,,,,,,,,,,
2025-03-23 03:30:40,,,,,,,,,,,,,,,,,,,,,1,,,,,,,,,,,,,,,,,,,,,,,,,,,,,,,,,,
2025-03-23 03:30:50,,,,,,,,,,,,,,,,,,,,,1,,,,,,,,,,,,,,,,,,,,,,,,,,,,,,,,,,
2025-03-23 03:31:00,,,,,,,,,,,,,,,,,,,,,1,,,,,,,,,,,,,,,,,,,,,,,,,,,,,,,,,,
2025-03-23 03:31:10,,,,,,,,,,,,,,,,,,,,,1,,,,,,,,,,,,,,,,,,,,,,,,,,,,,,,,,,
2025-03-23 03:31:20,,,,,,,,,,,,,,,,,,,,,1,,,,,,,,,,,,,,,,,,,,,,,,,,,,,,,,,,
2025-03-23 03:31:30,,,,,,,,,,,,,,,,,,,,,1,,,,,,,,,,,,,,,,,,,,,,,,,,,,,,,,,,
2025-03-23 03:31:40,,,,,,,,,,,,,,,,,,,,,1,,,,,,,,,,,,,,,,,,,,,,,,,,,,,,,,,,
2025-03-23 03:31:50,,,,,,,,,,,,,,,,,,,,,1,,,,,,,,,,,,,,,,,,,,,,,,,,,,,,,,,,
2025-03-23 03:32:00,,,,,,,,,,,,,,,,,,,,,1,,,,,,,,,,,,,,,,,,,,,,,,,,,,,,,,,,
2025-03-23 03:32:10,,,,,,,,,,,,,,,,,,,,,1,,,,,,,,,,,,,,,,,,,,,,,,,,,,,,,,,,
2025-03-23 03:32:20,,,,,,,,,,,,,,,,,,,,,1,,,,,,,,,,,,,,,,,,,,,,,,,,,,,,,,,,
2025-03-23 03:32:30,,,,,,,,,,,,,,,,,,,,,1,,,,,,,,,,,,,,,,,,,,,,,,,,,,,,,,,,
2025-03-23 03:32:40,,,,,,,,,,,,,,,,,,,,,1,,,,,,,,,,,,,,,,,,,,,,,,,,,,,,,,,,
2025-03-23 03:32:50,,,,,,,,,,,,,,,,,,,,,1,,,,,,,,,,,,,,,,,,,,,,,,,,,,,,,,,,
2025-03-23 03:33:00,,,,,,,,,,,,,,,,,,,,,1,,,,,,,,,,,,,,,,,,,,,,,,,,,,,,,,,,
2025-03-23 03:33:10,,,,,,,,,,,,,,,,,,,,,1,,,,,,,,,,,,,,,,,,,,,,,,,,,,,,,,,,
2025-03-23 03:33:20,,,,,,,,,,,,,,,,,,,,,1,,,,,,,,,,,,,,,,,,,,,,,,,,,,,,,,,,
2025-03-23 03:33:30,,,,,,,,,,,,,,,,,,,,,1,,,,,,,,,,,,,,,,,,,,,,,,,,,,,,,,,,
2025-03-23 03:33:40,,,,,,,,,,,,,,,,,,,,,1,,,,,,,,,,,,,,,,,,,,,,,,,,,,,,,,,,
2025-03-23 03:33:50,,,,,,,,,,,,,,,,,,,,,1,,,,,,,,,,,,,,,,,,,,,,,,,,,,,,,,,,
2025-03-23 03:34:00,,,,,,,,,,,,,,,,,,,,,1,,,,,,,,,,,,,,,,,,,,,,,,,,,,,,,,,,
2025-03-23 03:34:10,,,,,,,,,,,,,,,,,,,,,1,,,,,,,,,,,,,,,,,,,,,,,,,,,,,,,,,,
2025-03-23 03:34:20,,,,,,,,,,,,,,,,,,,,,1,,,,,,,,,,,,,,,,,,,,,,,,,,,,,,,,,,
2025-03-23 03:34:30,,,,,,,,,,,,,,,,,,,,,1,,,,,,,,,,,,,,,,,,,,,,,,,,,,,,,,,,
2025-03-23 03:34:40,,,,,,,,,,,,,,,,,,,,,1,,,,,,,,,,,,,,,,,,,,,,,,,,,,,,,,,,
2025-03-23 03:34:50,,,,,,,,,,,,,,,,,,,,,1,,,,,,,,,,,,,,,,,,,,,,,,,,,,,,,,,,
2025-03-23 03:35:00,,,,,,,,,,,,,,,,,,,,,1,,,,,,,,,,,,,,,,,,,,,,,,,,,,,,,,,,
2025-03-23 03:35:10,,,,,,,,,,,,,,,,,,,,,1,,,,,,,,,,,,,,,,,,,,,,,,,,,,,,,,,,
2025-03-23 03:35:20,,,,,,,,,,,,,,,,,,,,,1,,,,,,,,,,,,,,,,,,,,,,,,,,,,,,,,,,
2025-03-23 03:35:30,,,,,,,,,,,,,,,,,,,,,1,,,,,,,,,,,,,,,,,,,,,,,,,,,,,,,,,,
2025-03-23 03:35:40,,,,,,,,,,,,,,,,,,,,,1,,,,,,,,,,,,,,,,,,,,,,,,,,,,,,,,,,
2025-03-23 03:35:50,,,,,,,,,,,,,,,,,,,,,1,,,,,,,,,,,,,,,,,,,,,,,,,,,,,,,,,,
2025-03-23 03:36:00,,,,,,,,,,,,,,,,,,,,,1,,,,,,,,,,,,,,,,,,,,,,,,,,,,,,,,,,
2025-03-23 03:26:10,,,,,,,,,,,,,,,,,,,,,1,,,,,,,,,,,,,,,,,,,,,,,,,,,,,,,,,,
2025-03-23 03:26:20,,,,,,,,,,,,,,,,,,,,,1,,,,,,,,,,,,,,,,,,,,,,,,,,,,,,,,,,
2025-03-23 03:26:30,,,,,,,,,,,,,,,,,,,,,1,,,,,,,,,,,,,,,,,,,,,,,,,,,,,,,,,,
2025-03-23 03:26:40,,,,,,,,,,,,,,,,,,,,,1,,,,,,,,,,,,,,,,,,,,,,,,,,,,,,,,,,
2025-03-23 03:26:50,,,,,,,,,,,,,,,,,,,,,1,,,,,,,,,,,,,,,,,,,,,,,,,,,,,,,,,,
2025-03-23 03:27:00,,,,,,,,,,,,,,,,,,,,,1,,,,,,,,,,,,,,,,,,,,,,,,,,,,,,,,,,
2025-03-23 03:27:10,,,,,,,,,,,,,,,,,,,,,1,,,,,,,,,,,,,,,,,,,,,,,,,,,,,,,,,,
2025-03-23 03:27:20,,,,,,,,,,,,,,,,,,,,,1,,,,,,,,,,,,,,,,,,,,,,,,,,,,,,,,,,
2025-03-23 03:27:30,,,,,,,,,,,,,,,,,,,,,1,,,,,,,,,,,,,,,,,,,,,,,,,,,,,,,,,,
2025-03-23 03:27:40,,,,,,,,,,,,,,,,,,,,,1,,,,,,,,,,,,,,,,,,,,,,,,,,,,,,,,,,
2025-03-23 03:27:50,,,,,,,,,,,,,,,,,,,,,1,,,,,,,,,,,,,,,,,,,,,,,,,,,,,,,,,,
2025-03-23 03:28:00,,,,,,,,,,,,,,,,,,,,,1,,,,,,,,,,,,,,,,,,,,,,,,,,,,,,,,,,
2025-03-23 03:28:10,,,,,,,,,,,,,,,,,,,,,1,,,,,,,,,,,,,,,,,,,,,,,,,,,,,,,,,,
2025-03-23 03:28:20,,,,,,,,,,,,,,,,,,,,,1,,,,,,,,,,,,,,,,,,,,,,,,,,,,,,,,,,
2025-03-23 03:28:30,,,,,,,,,,,,,,,,,,,,,1,,,,,,,,,,,,,,,,,,,,,,,,,,,,,,,,,,
2025-03-23 03:28:40,,,,,,,,,,,,,,,,,,,,,1,,,,,,,,,,,,,,,,,,,,,,,,,,,,,,,,,,
2025-03-23 03:28:50,,,,,,,,,,,,,,,,,,,,,1,,,,,,,,,,,,,,,,,,,,,,,,,,,,,,,,,,
2025-03-23 03:29:00,,,,,,,,,,,,,,,,,,,,,1,,,,,,,,,,,,,,,,,,,,,,,,,,,,,,,,,,
2025-03-23 03:29:10,,,,,,,,,,,,,,,,,,,,,1,,,,,,,,,,,,,,,,,,,,,,,,,,,,,,,,,,
2025-03-23 03:29:20,,,,,,,,,,,,,,,,,,,,,1,,,,,,,,,,,,,,,,,,,,,,,,,,,,,,,,,,
2025-03-23 03:29:30,,,,,,,,,,,,,,,,,,,,,1,,,,,,,,,,,,,,,,,,,,,,,,,,,,,,,,,,
2025-03-23 03:29:40,,,,,,,,,,,,,,,,,,,,,1,,,,,,,,,,,,,,,,,,,,,,,,,,,,,,,,,,
2025-03-23 03:29:50,,,,,,,,,,,,,,,,,,,,,1,,,,,,,,,,,,,,,,,,,,,,,,,,,,,,,,,,
2025-03-23 03:30:00,,,,,,,,,,,,,,,,,,,,,1,,,,,,,,,,,,,,,,,,,,,,,,,,,,,,,,,,
2025-03-23 03:30:10,,,,,,,,,,,,,,,,,,,,,1,,,,,,,,,,,,,,,,,,,,,,,,,,,,,,,,,,
2025-03-23 03:30:20,,,,,,,,,,,,,,,,,,,,,1,,,,,,,,,,,,,,,,,,,,,,,,,,,,,,,,,,
2025-03-23 03:30:30,,,,,,,,,,,,,,,,,,,,,1,,,,,,,,,,,,,,,,,,,,,,,,,,,,,,,,,,
2025-03-23 03:30:40,,,,,,,,,,,,,,,,,,,,,1,,,,,,,,,,,,,,,,,,,,,,,,,,,,,,,,,,
2025-03-23 03:30:50,,,,,,,,,,,,,,,,,,,,,1,,,,,,,,,,,,,,,,,,,,,,,,,,,,,,,,,,
2025-03-23 03:31:00,,,,,,,,,,,,,,,,,,,,,1,,,,,,,,,,,,,,,,,,,,,,,,,,,,,,,,,,
2025-03-23 03:31:10,,,,,,,,,,,,,,,,,,,,,1,,,,,,,,,,,,,,,,,,,,,,,,,,,,,,,,,,
2025-03-23 03:31:20,,,,,,,,,,,,,,,,,,,,,1,,,,,,,,,,,,,,,,,,,,,,,,,,,,,,,,,,
2025-03-23 03:31:30,,,,,,,,,,,,,,,,,,,,,1,,,,,,,,,,,,,,,,,,,,,,,,,,,,,,,,,,
2025-03-23 03:31:40,,,,,,,,,,,,,,,,,,,,,1,,,,,,,,,,,,,,,,,,,,,,,,,,,,,,,,,,
2025-03-23 03:31:50,,,,,,,,,,,,,,,,,,,,,1,,,,,,,,,,,,,,,,,,,,,,,,,,,,,,,,,,
2025-03-23 03:32:00,,,,,,,,,,,,,,,,,,,,,1,,,,,,,,,,,,,,,,,,,,,,,,,,,,,,,,,,
2025-03-23 03:32:10,,,,,,,,,,,,,,,,,,,,,1,,,,,,,,,,,,,,,,,,,,,,,,,,,,,,,,,,
2025-03-23 03:32:20,,,,,,,,,,,,,,,,,,,,,1,,,,,,,,,,,,,,,,,,,,,,,,,,,,,,,,,,
2025-03-23 03:32:30,,,,,,,,,,,,,,,,,,,,,1,,,,,,,,,,,,,,,,,,,,,,,,,,,,,,,,,,
2025-03-23 03:32:40,,,,,,,,,,,,,,,,,,,,,1,,,,,,,,,,,,,,,,,,,,,,,,,,,,,,,,,,
2025-03-23 03:32:50,,,,,,,,,,,,,,,,,,,,,1,,,,,,,,,,,,,,,,,,,,,,,,,,,,,,,,,,
2025-03-23 03:33:00,,,,,,,,,,,,,,,,,,,,,1,,,,,,,,,,,,,,,,,,,,,,,,,,,,,,,,,,
2025-03-23 03:33:10,,,,,,,,,,,,,,,,,,,,,1,,,,,,,,,,,,,,,,,,,,,,,,,,,,,,,,,,
2025-03-23 03:33:20,,,,,,,,,,,,,,,,,,,,,1,,,,,,,,,,,,,,,,,,,,,,,,,,,,,,,,,,
2025-03-23 03:33:30,,,,,,,,,,,,,,,,,,,,,1,,,,,,,,,,,,,,,,,,,,,,,,,,,,,,,,,,
2025-03-23 03:33:40,,,,,,,,,,,,,,,,,,,,,1,,,,,,,,,,,,,,,,,,,,,,,,,,,,,,,,,,
2025-03-23 03:33:50,,,,,,,,,,,,,,,,,,,,,1,,,,,,,,,,,,,,,,,,,,,,,,,,,,,,,,,,
2025-03-23 03:34:00,,,,,,,,,,,,,,,,,,,,,1,,,,,,,,,,,,,,,,,,,,,,,,,,,,,,,,,,
2025-03-23 03:34:10,,,,,,,,,,,,,,,,,,,,,1,,,,,,,,,,,,,,,,,,,,,,,,,,,,,,,,,,
2025-03-23 03:34:20,,,,,,,,,,,,,,,,,,,,,1,,,,,,,,,,,,,,,,,,,,,,,,,,,,,,,,,,
2025-03-23 03:34:30,,,,,,,,,,,,,,,,,,,,,1,,,,,,,,,,,,,,,,,,,,,,,,,,,,,,,,,,
2025-03-23 03:34:40,,,,,,,,,,,,,,,,,,,,,1,,,,,,,,,,,,,,,,,,,,,,,,,,,,,,,,,,
2025-03-23 03:34:50,,,,,,,,,,,,,,,,,,,,,1,,,,,,,,,,,,,,,,,,,,,,,,,,,,,,,,,,
2025-03-23 03:35:00,,,,,,,,,,,,,,,,,,,,,1,,,,,,,,,,,,,,,,,,,,,,,,,,,,,,,,,,
2025-03-23 03:35:10,,,,,,,,,,,,,,,,,,,,,1,,,,,,,,,,,,,,,,,,,,,,,,,,,,,,,,,,
2025-03-23 03:35:20,,,,,,,,,,,,,,,,,,,,,1,,,,,,,,,,,,,,,,,,,,,,,,,,,,,,,,,,
2025-03-23 03:35:30,,,,,,,,,,,,,,,,,,,,,1,,,,,,,,,,,,,,,,,,,,,,,,,,,,,,,,,,
2025-03-23 03:35:40,,,,,,,,,,,,,,,,,,,,,1,,,,,,,,,,,,,,,,,,,,,,,,,,,,,,,,,,
2025-03-23 03:35:50,,,,,,,,,,,,,,,,,,,,,1,,,,,,,,,,,,,,,,,,,,,,,,,,,,,,,,,,
2025-03-23 03:36:00,,,,,,,,,,,,,,,,,,,,,1,,,,,,,,,,,,,,,,,,,,,,,,,,,,,,,,,,
2025-03-23 03:26:10,,,,,,,,,,,,,,,,,,,,,1,,,,,,,,,,,,,,,,,,,,,,,,,,,,,,,,,,
2025-03-23 03:26:20,,,,,,,,,,,,,,,,,,,,,1,,,,,,,,,,,,,,,,,,,,,,,,,,,,,,,,,,
2025-03-23 03:26:30,,,,,,,,,,,,,,,,,,,,,1,,,,,,,,,,,,,,,,,,,,,,,,,,,,,,,,,,
2025-03-23 03:26:40,,,,,,,,,,,,,,,,,,,,,1,,,,,,,,,,,,,,,,,,,,,,,,,,,,,,,,,,
2025-03-23 03:26:50,,,,,,,,,,,,,,,,,,,,,1,,,,,,,,,,,,,,,,,,,,,,,,,,,,,,,,,,
2025-03-23 03:27:00,,,,,,,,,,,,,,,,,,,,,1,,,,,,,,,,,,,,,,,,,,,,,,,,,,,,,,,,
2025-03-23 03:27:10,,,,,,,,,,,,,,,,,,,,,1,,,,,,,,,,,,,,,,,,,,,,,,,,,,,,,,,,
2025-03-23 03:27:20,,,,,,,,,,,,,,,,,,,,,1,,,,,,,,,,,,,,,,,,,,,,,,,,,,,,,,,,
2025-03-23 03:27:30,,,,,,,,,,,,,,,,,,,,,1,,,,,,,,,,,,,,,,,,,,,,,,,,,,,,,,,,
2025-03-23 03:27:40,,,,,,,,,,,,,,,,,,,,,1,,,,,,,,,,,,,,,,,,,,,,,,,,,,,,,,,,
2025-03-23 03:27:50,,,,,,,,,,,,,,,,,,,,,1,,,,,,,,,,,,,,,,,,,,,,,,,,,,,,,,,,
2025-03-23 03:28:00,,,,,,,,,,,,,,,,,,,,,1,,,,,,,,,,,,,,,,,,,,,,,,,,,,,,,,,,
2025-03-23 03:28:10,,,,,,,,,,,,,,,,,,,,,1,,,,,,,,,,,,,,,,,,,,,,,,,,,,,,,,,,
2025-03-23 03:28:20,,,,,,,,,,,,,,,,,,,,,1,,,,,,,,,,,,,,,,,,,,,,,,,,,,,,,,,,
2025-03-23 03:28:30,,,,,,,,,,,,,,,,,,,,,1,,,,,,,,,,,,,,,,,,,,,,,,,,,,,,,,,,
2025-03-23 03:28:40,,,,,,,,,,,,,,,,,,,,,1,,,,,,,,,,,,,,,,,,,,,,,,,,,,,,,,,,
2025-03-23 03:28:50,,,,,,,,,,,,,,,,,,,,,1,,,,,,,,,,,,,,,,,,,,,,,,,,,,,,,,,,
2025-03-23 03:29:00,,,,,,,,,,,,,,,,,,,,,1,,,,,,,,,,,,,,,,,,,,,,,,,,,,,,,,,,
2025-03-23 03:29:10,,,,,,,,,,,,,,,,,,,,,1,,,,,,,,,,,,,,,,,,,,,,,,,,,,,,,,,,
2025-03-23 03:29:20,,,,,,,,,,,,,,,,,,,,,1,,,,,,,,,,,,,,,,,,,,,,,,,,,,,,,,,,
2025-03-23 03:29:30,,,,,,,,,,,,,,,,,,,,,1,,,,,,,,,,,,,,,,,,,,,,,,,,,,,,,,,,
2025-03-23 03:29:40,,,,,,,,,,,,,,,,,,,,,1,,,,,,,,,,,,,,,,,,,,,,,,,,,,,,,,,,
2025-03-23 03:29:50,,,,,,,,,,,,,,,,,,,,,1,,,,,,,,,,,,,,,,,,,,,,,,,,,,,,,,,,
2025-03-23 03:30:00,,,,,,,,,,,,,,,,,,,,,1,,,,,,,,,,,,,,,,,,,,,,,,,,,,,,,,,,
2025-03-23 03:30:10,,,,,,,,,,,,,,,,,,,,,1,,,,,,,,,,,,,,,,,,,,,,,,,,,,,,,,,,
2025-03-23 03:30:20,,,,,,,,,,,,,,,,,,,,,1,,,,,,,,,,,,,,,,,,,,,,,,,,,,,,,,,,
2025-03-23 03:30:30,,,,,,,,,,,,,,,,,,,,,1,,,,,,,,,,,,,,,,,,,,,,,,,,,,,,,,,,
2025-03-23 03:30:40,,,,,,,,,,,,,,,,,,,,,1,,,,,,,,,,,,,,,,,,,,,,,,,,,,,,,,,,
2025-03-23 03:30:50,,,,,,,,,,,,,,,,,,,,,1,,,,,,,,,,,,,,,,,,,,,,,,,,,,,,,,,,
2025-03-23 03:31:00,,,,,,,,,,,,,,,,,,,,,1,,,,,,,,,,,,,,,,,,,,,,,,,,,,,,,,,,
2025-03-23 03:31:10,,,,,,,,,,,,,,,,,,,,,1,,,,,,,,,,,,,,,,,,,,,,,,,,,,,,,,,,
2025-03-23 03:31:20,,,,,,,,,,,,,,,,,,,,,1,,,,,,,,,,,,,,,,,,,,,,,,,,,,,,,,,,
2025-03-23 03:31:30,,,,,,,,,,,,,,,,,,,,,1,,,,,,,,,,,,,,,,,,,,,,,,,,,,,,,,,,
2025-03-23 03:31:40,,,,,,,,,,,,,,,,,,,,,1,,,,,,,,,,,,,,,,,,,,,,,,,,,,,,,,,,
2025-03-23 03:31:50,,,,,,,,,,,,,,,,,,,,,1,,,,,,,,,,,,,,,,,,,,,,,,,,,,,,,,,,
2025-03-23 03:32:00,,,,,,,,,,,,,,,,,,,,,1,,,,,,,,,,,,,,,,,,,,,,,,,,,,,,,,,,
2025-03-23 03:32:10,,,,,,,,,,,,,,,,,,,,,1,,,,,,,,,,,,,,,,,,,,,,,,,,,,,,,,,,
2025-03-23 03:32:20,,,,,,,,,,,,,,,,,,,,,1,,,,,,,,,,,,,,,,,,,,,,,,,,,,,,,,,,
2025-03-23 03:32:30,,,,,,,,,,,,,,,,,,,,,1,,,,,,,,,,,,,,,,,,,,,,,,,,,,,,,,,,
2025-03-23 03:32:40,,,,,,,,,,,,,,,,,,,,,1,,,,,,,,,,,,,,,,,,,,,,,,,,,,,,,,,,
2025-03-23 03:32:50,,,,,,,,,,,,,,,,,,,,,1,,,,,,,,,,,,,,,,,,,,,,,,,,,,,,,,,,
2025-03-23 03:33:00,,,,,,,,,,,,,,,,,,,,,1,,,,,,,,,,,,,,,,,,,,,,,,,,,,,,,,,,
2025-03-23 03:33:10,,,,,,,,,,,,,,,,,,,,,1,,,,,,,,,,,,,,,,,,,,,,,,,,,,,,,,,,
2025-03-23 03:33:20,,,,,,,,,,,,,,,,,,,,,1,,,,,,,,,,,,,,,,,,,,,,,,,,,,,,,,,,
2025-03-23 03:33:30,,,,,,,,,,,,,,,,,,,,,1,,,,,,,,,,,,,,,,,,,,,,,,,,,,,,,,,,
2025-03-23 03:33:40,,,,,,,,,,,,,,,,,,,,,1,,,,,,,,,,,,,,,,,,,,,,,,,,,,,,,,,,
2025-03-23 03:33:50,,,,,,,,,,,,,,,,,,,,,1,,,,,,,,,,,,,,,,,,,,,,,,,,,,,,,,,,
2025-03-23 03:34:00,,,,,,,,,,,,,,,,,,,,,1,,,,,,,,,,,,,,,,,,,,,,,,,,,,,,,,,,
2025-03-23 03:34:10,,,,,,,,,,,,,,,,,,,,,1,,,,,,,,,,,,,,,,,,,,,,,,,,,,,,,,,,
2025-03-23 03:34:20,,,,,,,,,,,,,,,,,,,,,1,,,,,,,,,,,,,,,,,,,,,,,,,,,,,,,,,,
2025-03-23 03:34:30,,,,,,,,,,,,,,,,,,,,,1,,,,,,,,,,,,,,,,,,,,,,,,,,,,,,,,,,
2025-03-23 03:34:40,,,,,,,,,,,,,,,,,,,,,1,,,,,,,,,,,,,,,,,,,,,,,,,,,,,,,,,,
2025-03-23 03:34:50,,,,,,,,,,,,,,,,,,,,,1,,,,,,,,,,,,,,,,,,,,,,,,,,,,,,,,,,
2025-03-23 03:35:00,,,,,,,,,,,,,,,,,,,,,1,,,,,,,,,,,,,,,,,,,,,,,,,,,,,,,,,,
2025-03-23 03:35:10,,,,,,,,,,,,,,,,,,,,,1,,,,,,,,,,,,,,,,,,,,,,,,,,,,,,,,,,
2025-03-23 03:35:20,,,,,,,,,,,,,,,,,,,,,1,,,,,,,,,,,,,,,,,,,,,,,,,,,,,,,,,,
2025-03-23 03:35:30,,,,,,,,,,,,,,,,,,,,,1,,,,,,,,,,,,,,,,,,,,,,,,,,,,,,,,,,
2025-03-23 03:35:40,,,,,,,,,,,,,,,,,,,,,1,,,,,,,,,,,,,,,,,,,,,,,,,,,,,,,,,,
2025-03-23 03:35:50,,,,,,,,,,,,,,,,,,,,,1,,,,,,,,,,,,,,,,,,,,,,,,,,,,,,,,,,
2025-03-23 03:36:00,,,,,,,,,,,,,,,,,,,,,1,,,,,,,,,,,,,,,,,,,,,,,,,,,,,,,,,,
2025-03-23 03:26:10,,,,,,,,,,,,,,,,,,,,,1,,,,,,,,,,,,,,,,,,,,,,,,,,,,,,,,,,
2025-03-23 03:26:20,,,,,,,,,,,,,,,,,,,,,1,,,,,,,,,,,,,,,,,,,,,,,,,,,,,,,,,,
2025-03-23 03:26:30,,,,,,,,,,,,,,,,,,,,,1,,,,,,,,,,,,,,,,,,,,,,,,,,,,,,,,,,
2025-03-23 03:26:40,,,,,,,,,,,,,,,,,,,,,1,,,,,,,,,,,,,,,,,,,,,,,,,,,,,,,,,,
2025-03-23 03:26:50,,,,,,,,,,,,,,,,,,,,,1,,,,,,,,,,,,,,,,,,,,,,,,,,,,,,,,,,
2025-03-23 03:27:00,,,,,,,,,,,,,,,,,,,,,1,,,,,,,,,,,,,,,,,,,,,,,,,,,,,,,,,,
2025-03-23 03:27:10,,,,,,,,,,,,,,,,,,,,,1,,,,,,,,,,,,,,,,,,,,,,,,,,,,,,,,,,
2025-03-23 03:27:20,,,,,,,,,,,,,,,,,,,,,1,,,,,,,,,,,,,,,,,,,,,,,,,,,,,,,,,,
2025-03-23 03:27:30,,,,,,,,,,,,,,,,,,,,,1,,,,,,,,,,,,,,,,,,,,,,,,,,,,,,,,,,
2025-03-23 03:27:40,,,,,,,,,,,,,,,,,,,,,1,,,,,,,,,,,,,,,,,,,,,,,,,,,,,,,,,,
2025-03-23 03:27:50,,,,,,,,,,,,,,,,,,,,,1,,,,,,,,,,,,,,,,,,,,,,,,,,,,,,,,,,
2025-03-23 03:28:00,,,,,,,,,,,,,,,,,,,,,1,,,,,,,,,,,,,,,,,,,,,,,,,,,,,,,,,,
2025-03-23 03:28:10,,,,,,,,,,,,,,,,,,,,,1,,,,,,,,,,,,,,,,,,,,,,,,,,,,,,,,,,
2025-03-23 03:28:20,,,,,,,,,,,,,,,,,,,,,1,,,,,,,,,,,,,,,,,,,,,,,,,,,,,,,,,,
2025-03-23 03:28:30,,,,,,,,,,,,,,,,,,,,,1,,,,,,,,,,,,,,,,,,,,,,,,,,,,,,,,,,
2025-03-23 03:28:40,,,,,,,,,,,,,,,,,,,,,1,,,,,,,,,,,,,,,,,,,,,,,,,,,,,,,,,,
2025-03-23 03:28:50,,,,,,,,,,,,,,,,,,,,,1,,,,,,,,,,,,,,,,,,,,,,,,,,,,,,,,,,
2025-03-23 03:29:00,,,,,,,,,,,,,,,,,,,,,1,,,,,,,,,,,,,,,,,,,,,,,,,,,,,,,,,,
2025-03-23 03:29:10,,,,,,,,,,,,,,,,,,,,,1,,,,,,,,,,,,,,,,,,,,,,,,,,,,,,,,,,
2025-03-23 03:29:20,,,,,,,,,,,,,,,,,,,,,1,,,,,,,,,,,,,,,,,,,,,,,,,,,,,,,,,,
2025-03-23 03:29:30,,,,,,,,,,,,,,,,,,,,,1,,,,,,,,,,,,,,,,,,,,,,,,,,,,,,,,,,
2025-03-23 03:29:40,,,,,,,,,,,,,,,,,,,,,1,,,,,,,,,,,,,,,,,,,,,,,,,,,,,,,,,,
2025-03-23 03:29:50,,,,,,,,,,,,,,,,,,,,,1,,,,,,,,,,,,,,,,,,,,,,,,,,,,,,,,,,
2025-03-23 03:30:00,,,,,,,,,,,,,,,,,,,,,1,,,,,,,,,,,,,,,,,,,,,,,,,,,,,,,,,,
2025-03-23 03:30:10,,,,,,,,,,,,,,,,,,,,,1,,,,,,,,,,,,,,,,,,,,,,,,,,,,,,,,,,
2025-03-23 03:30:20,,,,,,,,,,,,,,,,,,,,,1,,,,,,,,,,,,,,,,,,,,,,,,,,,,,,,,,,
2025-03-23 03:30:30,,,,,,,,,,,,,,,,,,,,,1,,,,,,,,,,,,,,,,,,,,,,,,,,,,,,,,,,
2025-03-23 03:30:40,,,,,,,,,,,,,,,,,,,,,1,,,,,,,,,,,,,,,,,,,,,,,,,,,,,,,,,,
2025-03-23 03:30:50,,,,,,,,,,,,,,,,,,,,,1,,,,,,,,,,,,,,,,,,,,,,,,,,,,,,,,,,
2025-03-23 03:31:00,,,,,,,,,,,,,,,,,,,,,1,,,,,,,,,,,,,,,,,,,,,,,,,,,,,,,,,,
2025-03-23 03:31:10,,,,,,,,,,,,,,,,,,,,,1,,,,,,,,,,,,,,,,,,,,,,,,,,,,,,,,,,
2025-03-23 03:31:20,,,,,,,,,,,,,,,,,,,,,1,,,,,,,,,,,,,,,,,,,,,,,,,,,,,,,,,,
2025-03-23 03:31:30,,,,,,,,,,,,,,,,,,,,,1,,,,,,,,,,,,,,,,,,,,,,,,,,,,,,,,,,
2025-03-23 03:31:40,,,,,,,,,,,,,,,,,,,,,1,,,,,,,,,,,,,,,,,,,,,,,,,,,,,,,,,,
2025-03-23 03:31:50,,,,,,,,,,,,,,,,,,,,,1,,,,,,,,,,,,,,,,,,,,,,,,,,,,,,,,,,
2025-03-23 03:32:00,,,,,,,,,,,,,,,,,,,,,1,,,,,,,,,,,,,,,,,,,,,,,,,,,,,,,,,,
2025-03-23 03:32:10,,,,,,,,,,,,,,,,,,,,,1,,,,,,,,,,,,,,,,,,,,,,,,,,,,,,,,,,
2025-03-23 03:32:20,,,,,,,,,,,,,,,,,,,,,1,,,,,,,,,,,,,,,,,,,,,,,,,,,,,,,,,,
2025-03-23 03:32:30,,,,,,,,,,,,,,,,,,,,,1,,,,,,,,,,,,,,,,,,,,,,,,,,,,,,,,,,
2025-03-23 03:32:40,,,,,,,,,,,,,,,,,,,,,1,,,,,,,,,,,,,,,,,,,,,,,,,,,,,,,,,,
2025-03-23 03:32:50,,,,,,,,,,,,,,,,,,,,,1,,,,,,,,,,,,,,,,,,,,,,,,,,,,,,,,,,
2025-03-23 03:33:00,,,,,,,,,,,,,,,,,,,,,1,,,,,,,,,,,,,,,,,,,,,,,,,,,,,,,,,,
2025-03-23 03:33:10,,,,,,,,,,,,,,,,,,,,,1,,,,,,,,,,,,,,,,,,,,,,,,,,,,,,,,,,
2025-03-23 03:33:20,,,,,,,,,,,,,,,,,,,,,1,,,,,,,,,,,,,,,,,,,,,,,,,,,,,,,,,,
2025-03-23 03:33:30,,,,,,,,,,,,,,,,,,,,,1,,,,,,,,,,,,,,,,,,,,,,,,,,,,,,,,,,
2025-03-23 03:33:40,,,,,,,,,,,,,,,,,,,,,1,,,,,,,,,,,,,,,,,,,,,,,,,,,,,,,,,,
2025-03-23 03:33:50,,,,,,,,,,,,,,,,,,,,,1,,,,,,,,,,,,,,,,,,,,,,,,,,,,,,,,,,
2025-03-23 03:34:00,,,,,,,,,,,,,,,,,,,,,1,,,,,,,,,,,,,,,,,,,,,,,,,,,,,,,,,,
2025-03-23 03:34:10,,,,,,,,,,,,,,,,,,,,,1,,,,,,,,,,,,,,,,,,,,,,,,,,,,,,,,,,
2025-03-23 03:34:20,,,,,,,,,,,,,,,,,,,,,1,,,,,,,,,,,,,,,,,,,,,,,,,,,,,,,,,,
2025-03-23 03:34:30,,,,,,,,,,,,,,,,,,,,,1,,,,,,,,,,,,,,,,,,,,,,,,,,,,,,,,,,
2025-03-23 03:34:40,,,,,,,,,,,,,,,,,,,,,1,,,,,,,,,,,,,,,,,,,,,,,,,,,,,,,,,,
2025-03-23 03:34:50,,,,,,,,,,,,,,,,,,,,,1,,,,,,,,,,,,,,,,,,,,,,,,,,,,,,,,,,
2025-03-23 03:35:00,,,,,,,,,,,,,,,,,,,,,1,,,,,,,,,,,,,,,,,,,,,,,,,,,,,,,,,,
2025-03-23 03:35:10,,,,,,,,,,,,,,,,,,,,,1,,,,,,,,,,,,,,,,,,,,,,,,,,,,,,,,,,
2025-03-23 03:35:20,,,,,,,,,,,,,,,,,,,,,1,,,,,,,,,,,,,,,,,,,,,,,,,,,,,,,,,,
2025-03-23 03:35:30,,,,,,,,,,,,,,,,,,,,,1,,,,,,,,,,,,,,,,,,,,,,,,,,,,,,,,,,
2025-03-23 03:35:40,,,,,,,,,,,,,,,,,,,,,1,,,,,,,,,,,,,,,,,,,,,,,,,,,,,,,,,,
2025-03-23 03:35:50,,,,,,,,,,,,,,,,,,,,,1,,,,,,,,,,,,,,,,,,,,,,,,,,,,,,,,,,
2025-03-23 03:36:00,,,,,,,,,,,,,,,,,,,,,1,,,,,,,,,,,,,,,,,,,,,,,,,,,,,,,,,,
,,,,,,,,,,,,,,,,,,,,,1,,,,,,,,,,,,,,,,,,,,,,,,,,,,,,,,,,
,,,,,,,,,,,,,,,,,,,,,1,,,,,,,,,,,,,,,,,,,,,,,,,,,,,,,,,,
,,,,,,,,,,,,,,,,,,,,,1,,,,,,,,,,,,,,,,,,,,,,,,,,,,,,,,,,
,,,,,,,,,,,,,,,,,,,,,1,,,,,,,,,,,,,,,,,,,,,,,,,,,,,,,,,,
,,,,,,,,,,,,,,,,,,,,,1,,,,,,,,,,,,,,,,,,,,,,,,,,,,,,,,,,
,,,,,,,,,,,,,,,,,,,,,1,,,,,,,,,,,,,,,,,,,,,,,,,,,,,,,,,,
,,,,,,,,,,,,,,,,,,,,,1,,,,,,,,,,,,,,,,,,,,,,,,,,,,,,,,,,
,,,,,,,,,,,,,,,,,,,,,1,,,,,,,,,,,,,,,,,,,,,,,,,,,,,,,,,,
,,,,,,,,,,,,,,,,,,,,,1,,,,,,,,,,,,,,,,,,,,,,,,,,,,,,,,,,
,,,,,,,,,,,,,,,,,,,,,1,,,,,,,,,,,,,,,,,,,,,,,,,,,,,,,,,,
,,,,,,,,,,,,,,,,,,,,,1,,,,,,,,,,,,,,,,,,,,,,,,,,,,,,,,,,
,,,,,,,,,,,,,,,,,,,,,1,,,,,,,,,,,,,,,,,,,,,,,,,,,,,,,,,,
,,,,,,,,,,,,,,,,,,,,,1,,,,,,,,,,,,,,,,,,,,,,,,,,,,,,,,,,
,,,,,,,,,,,,,,,,,,,,,1,,,,,,,,,,,,,,,,,,,,,,,,,,,,,,,,,,
,,,,,,,,,,,,,,,,,,,,,1,,,,,,,,,,,,,,,,,,,,,,,,,,,,,,,,,,
,,,,,,,,,,,,,,,,,,,,,1,,,,,,,,,,,,,,,,,,,,,,,,,,,,,,,,,,
,,,,,,,,,,,,,,,,,,,,,1,,,,,,,,,,,,,,,,,,,,,,,,,,,,,,,,,,
,,,,,,,,,,,,,,,,,,,,,1,,,,,,,,,,,,,,,,,,,,,,,,,,,,,,,,,,
,,,,,,,,,,,,,,,,,,,,,1,,,,,,,,,,,,,,,,,,,,,,,,,,,,,,,,,,
,,,,,,,,,,,,,,,,,,,,,1,,,,,,,,,,,,,,,,,,,,,,,,,,,,,,,,,,
,,,,,,,,,,,,,,,,,,,,,1,,,,,,,,,,,,,,,,,,,,,,,,,,,,,,,,,,
,,,,,,,,,,,,,,,,,,,,,1,,,,,,,,,,,,,,,,,,,,,,,,,,,,,,,,,,
,,,,,,,,,,,,,,,,,,,,,1,,,,,,,,,,,,,,,,,,,,,,,,,,,,,,,,,,
,,,,,,,,,,,,,,,,,,,,,1,,,,,,,,,,,,,,,,,,,,,,,,,,,,,,,,,,
,,,,,,,,,,,,,,,,,,,,,1,,,,,,,,,,,,,,,,,,,,,,,,,,,,,,,,,,
,,,,,,,,,,,,,,,,,,,,,1,,,,,,,,,,,,,,,,,,,,,,,,,,,,,,,,,,
,,,,,,,,,,,,,,,,,,,,,1,,,,,,,,,,,,,,,,,,,,,,,,,,,,,,,,,,
,,,,,,,,,,,,,,,,,,,,,1,,,,,,,,,,,,,,,,,,,,,,,,,,,,,,,,,,
,,,,,,,,,,,,,,,,,,,,,1,,,,,,,,,,,,,,,,,,,,,,,,,,,,,,,,,,
,,,,,,,,,,,,,,,,,,,,,1,,,,,,,,,,,,,,,,,,,,,,,,,,,,,,,,,,
,,,,,,,,,,,,,,,,,,,,,1,,,,,,,,,,,,,,,,,,,,,,,,,,,,,,,,,,
,,,,,,,,,,,,,,,,,,,,,1,,,,,,,,,,,,,,,,,,,,,,,,,,,,,,,,,,
,,,,,,,,,,,,,,,,,,,,,1,,,,,,,,,,,,,,,,,,,,,,,,,,,,,,,,,,
,,,,,,,,,,,,,,,,,,,,,1,,,,,,,,,,,,,,,,,,,,,,,,,,,,,,,,,,
,,,,,,,,,,,,,,,,,,,,,1,,,,,,,,,,,,,,,,,,,,,,,,,,,,,,,,,,
,,,,,,,,,,,,,,,,,,,,,1,,,,,,,,,,,,,,,,,,,,,,,,,,,,,,,,,,
,,,,,,,,,,,,,,,,,,,,,1,,,,,,,,,,,,,,,,,,,,,,,,,,,,,,,,,,
,,,,,,,,,,,,,,,,,,,,,1,,,,,,,,,,,,,,,,,,,,,,,,,,,,,,,,,,
,,,,,,,,,,,,,,,,,,,,,1,,,,,,,,,,,,,,,,,,,,,,,,,,,,,,,,,,
,,,,,,,,,,,,,,,,,,,,,1,,,,,,,,,,,,,,,,,,,,,,,,,,,,,,,,,,
,,,,,,,,,,,,,,,,,,,,,1,,,,,,,,,,,,,,,,,,,,,,,,,,,,,,,,,,
,,,,,,,,,,,,,,,,,,,,,1,,,,,,,,,,,,,,,,,,,,,,,,,,,,,,,,,,
,,,,,,,,,,,,,,,,,,,,,1,,,,,,,,,,,,,,,,,,,,,,,,,,,,,,,,,,
,,,,,,,,,,,,,,,,,,,,,1,,,,,,,,,,,,,,,,,,,,,,,,,,,,,,,,,,
,,,,,,,,,,,,,,,,,,,,,1,,,,,,,,,,,,,,,,,,,,,,,,,,,,,,,,,,
,,,,,,,,,,,,,,,,,,,,,1,,,,,,,,,,,,,,,,,,,,,,,,,,,,,,,,,,
,,,,,,,,,,,,,,,,,,,,,1,,,,,,,,,,,,,,,,,,,,,,,,,,,,,,,,,,
,,,,,,,,,,,,,,,,,,,,,1,,,,,,,,,,,,,,,,,,,,,,,,,,,,,,,,,,
,,,,,,,,,,,,,,,,,,,,,1,,,,,,,,,,,,,,,,,,,,,,,,,,,,,,,,,,
,,,,,,,,,,,,,,,,,,,,,1,,,,,,,,,,,,,,,,,,,,,,,,,,,,,,,,,,
,,,,,,,,,,,,,,,,,,,,,1,,,,,,,,,,,,,,,,,,,,,,,,,,,,,,,,,,
,,,,,,,,,,,,,,,,,,,,,1,,,,,,,,,,,,,,,,,,,,,,,,,,,,,,,,,,
,,,,,,,,,,,,,,,,,,,,,1,,,,,,,,,,,,,,,,,,,,,,,,,,,,,,,,,,
,,,,,,,,,,,,,,,,,,,,,1,,,,,,,,,,,,,,,,,,,,,,,,,,,,,,,,,,
,,,,,,,,,,,,,,,,,,,,,1,,,,,,,,,,,,,,,,,,,,,,,,,,,,,,,,,,
,,,,,,,,,,,,,,,,,,,,,1,,,,,,,,,,,,,,,,,,,,,,,,,,,,,,,,,,
,,,,,,,,,,,,,,,,,,,,,1,,,,,,,,,,,,,,,,,,,,,,,,,,,,,,,,,,
,,,,,,,,,,,,,,,,,,,,,1,,,,,,,,,,,,,,,,,,,,,,,,,,,,,,,,,,
,,,,,,,,,,,,,,,,,,,,,1,,,,,,,,,,,,,,,,,,,,,,,,,,,,,,,,,,
,,,,,,,,,,,,,,,,,,,,,1,,,,,,,,,,,,,,,,,,,,,,,,,,,,,,,,,,
,,,,,,,,,,,,,,,,,,,,,1,,,,,,,,,,,,,,,,,,,,,,,,,,,,,,,,,,
,,,,,,,,,,,,,,,,,,,,,1,,,,,,,,,,,,,,,,,,,,,,,,,,,,,,,,,,
,,,,,,,,,,,,,,,,,,,,,1,,,,,,,,,,,,,,,,,,,,,,,,,,,,,,,,,,
,,,,,,,,,,,,,,,,,,,,,1,,,,,,,,,,,,,,,,,,,,,,,,,,,,,,,,,,
,,,,,,,,,,,,,,,,,,,,,1,,,,,,,,,,,,,,,,,,,,,,,,,,,,,,,,,,
,,,,,,,,,,,,,,,,,,,,,1,,,,,,,,,,,,,,,,,,,,,,,,,,,,,,,,,,
,,,,,,,,,,,,,,,,,,,,,1,,,,,,,,,,,,,,,,,,,,,,,,,,,,,,,,,,
,,,,,,,,,,,,,,,,,,,,,1,,,,,,,,,,,,,,,,,,,,,,,,,,,,,,,,,,
,,,,,,,,,,,,,,,,,,,,,1,,,,,,,,,,,,,,,,,,,,,,,,,,,,,,,,,,
,,,,,,,,,,,,,,,,,,,,,1,,,,,,,,,,,,,,,,,,,,,,,,,,,,,,,,,,
,,,,,,,,,,,,,,,,,,,,,1,,,,,,,,,,,,,,,,,,,,,,,,,,,,,,,,,,
,,,,,,,,,,,,,,,,,,,,,1,,,,,,,,,,,,,,,,,,,,,,,,,,,,,,,,,,
,,,,,,,,,,,,,,,,,,,,,1,,,,,,,,,,,,,,,,,,,,,,,,,,,,,,,,,,
,,,,,,,,,,,,,,,,,,,,,1,,,,,,,,,,,,,,,,,,,,,,,,,,,,,,,,,,
,,,,,,,,,,,,,,,,,,,,,1,,,,,,,,,,,,,,,,,,,,,,,,,,,,,,,,,,
,,,,,,,,,,,,,,,,,,,,,1,,,,,,,,,,,,,,,,,,,,,,,,,,,,,,,,,,
,,,,,,,,,,,,,,,,,,,,,1,,,,,,,,,,,,,,,,,,,,,,,,,,,,,,,,,,
,,,,,,,,,,,,,,,,,,,,,1,,,,,,,,,,,,,,,,,,,,,,,,,,,,,,,,,,
,,,,,,,,,,,,,,,,,,,,,1,,,,,,,,,,,,,,,,,,,,,,,,,,,,,,,,,,
,,,,,,,,,,,,,,,,,,,,,1,,,,,,,,,,,,,,,,,,,,,,,,,,,,,,,,,,
,,,,,,,,,,,,,,,,,,,,,1,,,,,,,,,,,,,,,,,,,,,,,,,,,,,,,,,,
,,,,,,,,,,,,,,,,,,,,,1,,,,,,,,,,,,,,,,,,,,,,,,,,,,,,,,,,
,,,,,,,,,,,,,,,,,,,,,1,,,,,,,,,,,,,,,,,,,,,,,,,,,,,,,,,,
,,,,,,,,,,,,,,,,,,,,,1,,,,,,,,,,,,,,,,,,,,,,,,,,,,,,,,,,
,,,,,,,,,,,,,,,,,,,,,1,,,,,,,,,,,,,,,,,,,,,,,,,,,,,,,,,,
,,,,,,,,,,,,,,,,,,,,,1,,,,,,,,,,,,,,,,,,,,,,,,,,,,,,,,,,
,,,,,,,,,,,,,,,,,,,,,1,,,,,,,,,,,,,,,,,,,,,,,,,,,,,,,,,,
,,,,,,,,,,,,,,,,,,,,,1,,,,,,,,,,,,,,,,,,,,,,,,,,,,,,,,,,
,,,,,,,,,,,,,,,,,,,,,1,,,,,,,,,,,,,,,,,,,,,,,,,,,,,,,,,,
,,,,,,,,,,,,,,,,,,,,,1,,,,,,,,,,,,,,,,,,,,,,,,,,,,,,,,,,
,,,,,,,,,,,,,,,,,,,,,1,,,,,,,,,,,,,,,,,,,,,,,,,,,,,,,,,,
,,,,,,,,,,,,,,,,,,,,,1,,,,,,,,,,,,,,,,,,,,,,,,,,,,,,,,,,
,,,,,,,,,,,,,,,,,,,,,1,,,,,,,,,,,,,,,,,,,,,,,,,,,,,,,,,,
,,,,,,,,,,,,,,,,,,,,,1,,,,,,,,,,,,,,,,,,,,,,,,,,,,,,,,,,
,,,,,,,,,,,,,,,,,,,,,1,,,,,,,,,,,,,,,,,,,,,,,,,,,,,,,,,,
,,,,,,,,,,,,,,,,,,,,,1,,,,,,,,,,,,,,,,,,,,,,,,,,,,,,,,,,
,,,,,,,,,,,,,,,,,,,,,1,,,,,,,,,,,,,,,,,,,,,,,,,,,,,,,,,,
,,,,,,,,,,,,,,,,,,,,,1,,,,,,,,,,,,,,,,,,,,,,,,,,,,,,,,,,
,,,,,,,,,,,,,,,,,,,,,1,,,,,,,,,,,,,,,,,,,,,,,,,,,,,,,,,,
,,,,,,,,,,,,,,,,,,,,,1,,,,,,,,,,,,,,,,,,,,,,,,,,,,,,,,,,
,,,,,,,,,,,,,,,,,,,,,1,,,,,,,,,,,,,,,,,,,,,,,,,,,,,,,,,,
,,,,,,,,,,,,,,,,,,,,,1,,,,,,,,,,,,,,,,,,,,,,,,,,,,,,,,,,
,,,,,,,,,,,,,,,,,,,,,1,,,,,,,,,,,,,,,,,,,,,,,,,,,,,,,,,,
,,,,,,,,,,,,,,,,,,,,,1,,,,,,,,,,,,,,,,,,,,,,,,,,,,,,,,,,
,,,,,,,,,,,,,,,,,,,,,1,,,,,,,,,,,,,,,,,,,,,,,,,,,,,,,,,,
,,,,,,,,,,,,,,,,,,,,,1,,,,,,,,,,,,,,,,,,,,,,,,,,,,,,,,,,
,,,,,,,,,,,,,,,,,,,,,1,,,,,,,,,,,,,,,,,,,,,,,,,,,,,,,,,,
,,,,,,,,,,,,,,,,,,,,,1,,,,,,,,,,,,,,,,,,,,,,,,,,,,,,,,,,
,,,,,,,,,,,,,,,,,,,,,1,,,,,,,,,,,,,,,,,,,,,,,,,,,,,,,,,,
,,,,,,,,,,,,,,,,,,,,,1,,,,,,,,,,,,,,,,,,,,,,,,,,,,,,,,,,
,,,,,,,,,,,,,,,,,,,,,1,,,,,,,,,,,,,,,,,,,,,,,,,,,,,,,,,,
,,,,,,,,,,,,,,,,,,,,,1,,,,,,,,,,,,,,,,,,,,,,,,,,,,,,,,,,
,,,,,,,,,,,,,,,,,,,,,1,,,,,,,,,,,,,,,,,,,,,,,,,,,,,,,,,,
,,,,,,,,,,,,,,,,,,,,,1,,,,,,,,,,,,,,,,,,,,,,,,,,,,,,,,,,
,,,,,,,,,,,,,,,,,,,,,1,,,,,,,,,,,,,,,,,,,,,,,,,,,,,,,,,,
,,,,,,,,,,,,,,,,,,,,,1,,,,,,,,,,,,,,,,,,,,,,,,,,,,,,,,,,
,,,,,,,,,,,,,,,,,,,,,1,,,,,,,,,,,,,,,,,,,,,,,,,,,,,,,,,,
,,,,,,,,,,,,,,,,,,,,,1,,,,,,,,,,,,,,,,,,,,,,,,,,,,,,,,,,
,,,,,,,,,,,,,,,,,,,,,1,,,,,,,,,,,,,,,,,,,,,,,,,,,,,,,,,,
,,,,,,,,,,,,,,,,,,,,,1,,,,,,,,,,,,,,,,,,,,,,,,,,,,,,,,,,
,,,,,,,,,,,,,,,,,,,,,1,,,,,,,,,,,,,,,,,,,,,,,,,,,,,,,,,,
,,,,,,,,,,,,,,,,,,,,,1,,,,,,,,,,,,,,,,,,,,,,,,,,,,,,,,,,
,,,,,,,,,,,,,,,,,,,,,1,,,,,,,,,,,,,,,,,,,,,,,,,,,,,,,,,,
,,,,,,,,,,,,,,,,,,,,,1,,,,,,,,,,,,,,,,,,,,,,,,,,,,,,,,,,
,,,,,,,,,,,,,,,,,,,,,1,,,,,,,,,,,,,,,,,,,,,,,,,,,,,,,,,,
,,,,,,,,,,,,,,,,,,,,,1,,,,,,,,,,,,,,,,,,,,,,,,,,,,,,,,,,
,,,,,,,,,,,,,,,,,,,,,1,,,,,,,,,,,,,,,,,,,,,,,,,,,,,,,,,,
,,,,,,,,,,,,,,,,,,,,,1,,,,,,,,,,,,,,,,,,,,,,,,,,,,,,,,,,
,,,,,,,,,,,,,,,,,,,,,1,,,,,,,,,,,,,,,,,,,,,,,,,,,,,,,,,,
,,,,,,,,,,,,,,,,,,,,,1,,,,,,,,,,,,,,,,,,,,,,,,,,,,,,,,,,
,,,,,,,,,,,,,,,,,,,,,1,,,,,,,,,,,,,,,,,,,,,,,,,,,,,,,,,,
,,,,,,,,,,,,,,,,,,,,,1,,,,,,,,,,,,,,,,,,,,,,,,,,,,,,,,,,
,,,,,,,,,,,,,,,,,,,,,1,,,,,,,,,,,,,,,,,,,,,,,,,,,,,,,,,,
,,,,,,,,,,,,,,,,,,,,,1,,,,,,,,,,,,,,,,,,,,,,,,,,,,,,,,,,
,,,,,,,,,,,,,,,,,,,,,1,,,,,,,,,,,,,,,,,,,,,,,,,,,,,,,,,,
,,,,,,,,,,,,,,,,,,,,,1,,,,,,,,,,,,,,,,,,,,,,,,,,,,,,,,,,
,,,,,,,,,,,,,,,,,,,,,1,,,,,,,,,,,,,,,,,,,,,,,,,,,,,,,,,,
,,,,,,,,,,,,,,,,,,,,,1,,,,,,,,,,,,,,,,,,,,,,,,,,,,,,,,,,
,,,,,,,,,,,,,,,,,,,,,1,,,,,,,,,,,,,,,,,,,,,,,,,,,,,,,,,,
,,,,,,,,,,,,,,,,,,,,,1,,,,,,,,,,,,,,,,,,,,,,,,,,,,,,,,,,
,,,,,,,,,,,,,,,,,,,,,1,,,,,,,,,,,,,,,,,,,,,,,,,,,,,,,,,,
,,,,,,,,,,,,,,,,,,,,,1,,,,,,,,,,,,,,,,,,,,,,,,,,,,,,,,,,
,,,,,,,,,,,,,,,,,,,,,1,,,,,,,,,,,,,,,,,,,,,,,,,,,,,,,,,,
,,,,,,,,,,,,,,,,,,,,,1,,,,,,,,,,,,,,,,,,,,,,,,,,,,,,,,,,
,,,,,,,,,,,,,,,,,,,,,1,,,,,,,,,,,,,,,,,,,,,,,,,,,,,,,,,,
,,,,,,,,,,,,,,,,,,,,,1,,,,,,,,,,,,,,,,,,,,,,,,,,,,,,,,,,
,,,,,,,,,,,,,,,,,,,,,1,,,,,,,,,,,,,,,,,,,,,,,,,,,,,,,,,,
,,,,,,,,,,,,,,,,,,,,,1,,,,,,,,,,,,,,,,,,,,,,,,,,,,,,,,,,
,,,,,,,,,,,,,,,,,,,,,1,,,,,,,,,,,,,,,,,,,,,,,,,,,,,,,,,,
,,,,,,,,,,,,,,,,,,,,,1,,,,,,,,,,,,,,,,,,,,,,,,,,,,,,,,,,
,,,,,,,,,,,,,,,,,,,,,1,,,,,,,,,,,,,,,,,,,,,,,,,,,,,,,,,,
,,,,,,,,,,,,,,,,,,,,,1,,,,,,,,,,,,,,,,,,,,,,,,,,,,,,,,,,
,,,,,,,,,,,,,,,,,,,,,1,,,,,,,,,,,,,,,,,,,,,,,,,,,,,,,,,,
,,,,,,,,,,,,,,,,,,,,,1,,,,,,,,,,,,,,,,,,,,,,,,,,,,,,,,,,
,,,,,,,,,,,,,,,,,,,,,1,,,,,,,,,,,,,,,,,,,,,,,,,,,,,,,,,,
,,,,,,,,,,,,,,,,,,,,,1,,,,,,,,,,,,,,,,,,,,,,,,,,,,,,,,,,
,,,,,,,,,,,,,,,,,,,,,1,,,,,,,,,,,,,,,,,,,,,,,,,,,,,,,,,,
,,,,,,,,,,,,,,,,,,,,,1,,,,,,,,,,,,,,,,,,,,,,,,,,,,,,,,,,
,,,,,,,,,,,,,,,,,,,,,1,,,,,,,,,,,,,,,,,,,,,,,,,,,,,,,,,,
,,,,,,,,,,,,,,,,,,,,,1,,,,,,,,,,,,,,,,,,,,,,,,,,,,,,,,,,
,,,,,,,,,,,,,,,,,,,,,1,,,,,,,,,,,,,,,,,,,,,,,,,,,,,,,,,,
,,,,,,,,,,,,,,,,,,,,,1,,,,,,,,,,,,,,,,,,,,,,,,,,,,,,,,,,
,,,,,,,,,,,,,,,,,,,,,1,,,,,,,,,,,,,,,,,,,,,,,,,,,,,,,,,,
,,,,,,,,,,,,,,,,,,,,,1,,,,,,,,,,,,,,,,,,,,,,,,,,,,,,,,,,
,,,,,,,,,,,,,,,,,,,,,1,,,,,,,,,,,,,,,,,,,,,,,,,,,,,,,,,,
,,,,,,,,,,,,,,,,,,,,,1,,,,,,,,,,,,,,,,,,,,,,,,,,,,,,,,,,
,,,,,,,,,,,,,,,,,,,,,1,,,,,,,,,,,,,,,,,,,,,,,,,,,,,,,,,,
,,,,,,,,,,,,,,,,,,,,,1,,,,,,,,,,,,,,,,,,,,,,,,,,,,,,,,,,
,,,,,,,,,,,,,,,,,,,,,1,,,,,,,,,,,,,,,,,,,,,,,,,,,,,,,,,,
,,,,,,,,,,,,,,,,,,,,,1,,,,,,,,,,,,,,,,,,,,,,,,,,,,,,,,,,
,,,,,,,,,,,,,,,,,,,,,1,,,,,,,,,,,,,,,,,,,,,,,,,,,,,,,,,,
,,,,,,,,,,,,,,,,,,,,,1,,,,,,,,,,,,,,,,,,,,,,,,,,,,,,,,,,
,,,,,,,,,,,,,,,,,,,,,1,,,,,,,,,,,,,,,,,,,,,,,,,,,,,,,,,,
,,,,,,,,,,,,,,,,,,,,,1,,,,,,,,,,,,,,,,,,,,,,,,,,,,,,,,,,
,,,,,,,,,,,,,,,,,,,,,1,,,,,,,,,,,,,,,,,,,,,,,,,,,,,,,,,,
,,,,,,,,,,,,,,,,,,,,,1,,,,,,,,,,,,,,,,,,,,,,,,,,,,,,,,,,
,,,,,,,,,,,,,,,,,,,,,1,,,,,,,,,,,,,,,,,,,,,,,,,,,,,,,,,,
,,,,,,,,,,,,,,,,,,,,,1,,,,,,,,,,,,,,,,,,,,,,,,,,,,,,,,,,
,,,,,,,,,,,,,,,,,,,,,1,,,,,,,,,,,,,,,,,,,,,,,,,,,,,,,,,,
,,,,,,,,,,,,,,,,,,,,,1,,,,,,,,,,,,,,,,,,,,,,,,,,,,,,,,,,
,,,,,,,,,,,,,,,,,,,,,1,,,,,,,,,,,,,,,,,,,,,,,,,,,,,,,,,,
,,,,,,,,,,,,,,,,,,,,,1,,,,,,,,,,,,,,,,,,,,,,,,,,,,,,,,,,
,,,,,,,,,,,,,,,,,,,,,1,,,,,,,,,,,,,,,,,,,,,,,,,,,,,,,,,,
,,,,,,,,,,,,,,,,,,,,,1,,,,,,,,,,,,,,,,,,,,,,,,,,,,,,,,,,
,,,,,,,,,,,,,,,,,,,,,1,,,,,,,,,,,,,,,,,,,,,,,,,,,,,,,,,,
,,,,,,,,,,,,,,,,,,,,,1,,,,,,,,,,,,,,,,,,,,,,,,,,,,,,,,,,
,,,,,,,,,,,,,,,,,,,,,1,,,,,,,,,,,,,,,,,,,,,,,,,,,,,,,,,,
,,,,,,,,,,,,,,,,,,,,,1,,,,,,,,,,,,,,,,,,,,,,,,,,,,,,,,,,
,,,,,,,,,,,,,,,,,,,,,1,,,,,,,,,,,,,,,,,,,,,,,,,,,,,,,,,,
,,,,,,,,,,,,,,,,,,,,,1,,,,,,,,,,,,,,,,,,,,,,,,,,,,,,,,,,
,,,,,,,,,,,,,,,,,,,,,1,,,,,,,,,,,,,,,,,,,,,,,,,,,,,,,,,,
,,,,,,,,,,,,,,,,,,,,,1,,,,,,,,,,,,,,,,,,,,,,,,,,,,,,,,,,
,,,,,,,,,,,,,,,,,,,,,1,,,,,,,,,,,,,,,,,,,,,,,,,,,,,,,,,,
,,,,,,,,,,,,,,,,,,,,,1,,,,,,,,,,,,,,,,,,,,,,,,,,,,,,,,,,
,,,,,,,,,,,,,,,,,,,,,1,,,,,,,,,,,,,,,,,,,,,,,,,,,,,,,,,,
,,,,,,,,,,,,,,,,,,,,,1,,,,,,,,,,,,,,,,,,,,,,,,,,,,,,,,,,
,,,,,,,,,,,,,,,,,,,,,1,,,,,,,,,,,,,,,,,,,,,,,,,,,,,,,,,,
,,,,,,,,,,,,,,,,,,,,,1,,,,,,,,,,,,,,,,,,,,,,,,,,,,,,,,,,
,,,,,,,,,,,,,,,,,,,,,1,,,,,,,,,,,,,,,,,,,,,,,,,,,,,,,,,,
,,,,,,,,,,,,,,,,,,,,,1,,,,,,,,,,,,,,,,,,,,,,,,,,,,,,,,,,
,,,,,,,,,,,,,,,,,,,,,1,,,,,,,,,,,,,,,,,,,,,,,,,,,,,,,,,,
,,,,,,,,,,,,,,,,,,,,,1,,,,,,,,,,,,,,,,,,,,,,,,,,,,,,,,,,
,,,,,,,,,,,,,,,,,,,,,1,,,,,,,,,,,,,,,,,,,,,,,,,,,,,,,,,,
,,,,,,,,,,,,,,,,,,,,,1,,,,,,,,,,,,,,,,,,,,,,,,,,,,,,,,,,
,,,,,,,,,,,,,,,,,,,,,1,,,,,,,,,,,,,,,,,,,,,,,,,,,,,,,,,,
,,,,,,,,,,,,,,,,,,,,,1,,,,,,,,,,,,,,,,,,,,,,,,,,,,,,,,,,
,,,,,,,,,,,,,,,,,,,,,1,,,,,,,,,,,,,,,,,,,,,,,,,,,,,,,,,,
,,,,,,,,,,,,,,,,,,,,,1,,,,,,,,,,,,,,,,,,,,,,,,,,,,,,,,,,
,,,,,,,,,,,,,,,,,,,,,1,,,,,,,,,,,,,,,,,,,,,,,,,,,,,,,,,,
,,,,,,,,,,,,,,,,,,,,,1,,,,,,,,,,,,,,,,,,,,,,,,,,,,,,,,,,
,,,,,,,,,,,,,,,,,,,,,1,,,,,,,,,,,,,,,,,,,,,,,,,,,,,,,,,,
,,,,,,,,,,,,,,,,,,,,,1,,,,,,,,,,,,,,,,,,,,,,,,,,,,,,,,,,
,,,,,,,,,,,,,,,,,,,,,1,,,,,,,,,,,,,,,,,,,,,,,,,,,,,,,,,,
,,,,,,,,,,,,,,,,,,,,,1,,,,,,,,,,,,,,,,,,,,,,,,,,,,,,,,,,
,,,,,,,,,,,,,,,,,,,,,1,,,,,,,,,,,,,,,,,,,,,,,,,,,,,,,,,,
,,,,,,,,,,,,,,,,,,,,,1,,,,,,,,,,,,,,,,,,,,,,,,,,,,,,,,,,
,,,,,,,,,,,,,,,,,,,,,1,,,,,,,,,,,,,,,,,,,,,,,,,,,,,,,,,,
,,,,,,,,,,,,,,,,,,,,,1,,,,,,,,,,,,,,,,,,,,,,,,,,,,,,,,,,
,,,,,,,,,,,,,,,,,,,,,1,,,,,,,,,,,,,,,,,,,,,,,,,,,,,,,,,,
,,,,,,,,,,,,,,,,,,,,,1,,,,,,,,,,,,,,,,,,,,,,,,,,,,,,,,,,
,,,,,,,,,,,,,,,,,,,,,1,,,,,,,,,,,,,,,,,,,,,,,,,,,,,,,,,,
,,,,,,,,,,,,,,,,,,,,,1,,,,,,,,,,,,,,,,,,,,,,,,,,,,,,,,,,
,,,,,,,,,,,,,,,,,,,,,1,,,,,,,,,,,,,,,,,,,,,,,,,,,,,,,,,,
,,,,,,,,,,,,,,,,,,,,,1,,,,,,,,,,,,,,,,,,,,,,,,,,,,,,,,,,
,,,,,,,,,,,,,,,,,,,,,1,,,,,,,,,,,,,,,,,,,,,,,,,,,,,,,,,,
,,,,,,,,,,,,,,,,,,,,,1,,,,,,,,,,,,,,,,,,,,,,,,,,,,,,,,,,
,,,,,,,,,,,,,,,,,,,,,1,,,,,,,,,,,,,,,,,,,,,,,,,,,,,,,,,,
,,,,,,,,,,,,,,,,,,,,,1,,,,,,,,,,,,,,,,,,,,,,,,,,,,,,,,,,
,,,,,,,,,,,,,,,,,,,,,1,,,,,,,,,,,,,,,,,,,,,,,,,,,,,,,,,,
,,,,,,,,,,,,,,,,,,,,,1,,,,,,,,,,,,,,,,,,,,,,,,,,,,,,,,,,
,,,,,,,,,,,,,,,,,,,,,1,,,,,,,,,,,,,,,,,,,,,,,,,,,,,,,,,,
,,,,,,,,,,,,,,,,,,,,,1,,,,,,,,,,,,,,,,,,,,,,,,,,,,,,,,,,
,,,,,,,,,,,,,,,,,,,,,1,,,,,,,,,,,,,,,,,,,,,,,,,,,,,,,,,,
,,,,,,,,,,,,,,,,,,,,,1,,,,,,,,,,,,,,,,,,,,,,,,,,,,,,,,,,
,,,,,,,,,,,,,,,,,,,,,1,,,,,,,,,,,,,,,,,,,,,,,,,,,,,,,,,,
,,,,,,,,,,,,,,,,,,,,,1,,,,,,,,,,,,,,,,,,,,,,,,,,,,,,,,,,
,,,,,,,,,,,,,,,,,,,,,1,,,,,,,,,,,,,,,,,,,,,,,,,,,,,,,,,,
,,,,,,,,,,,,,,,,,,,,,1,,,,,,,,,,,,,,,,,,,,,,,,,,,,,,,,,,
,,,,,,,,,,,,,,,,,,,,,1,,,,,,,,,,,,,,,,,,,,,,,,,,,,,,,,,,
,,,,,,,,,,,,,,,,,,,,,1,,,,,,,,,,,,,,,,,,,,,,,,,,,,,,,,,,
,,,,,,,,,,,,,,,,,,,,,1,,,,,,,,,,,,,,,,,,,,,,,,,,,,,,,,,,
,,,,,,,,,,,,,,,,,,,,,1,,,,,,,,,,,,,,,,,,,,,,,,,,,,,,,,,,
,,,,,,,,,,,,,,,,,,,,,1,,,,,,,,,,,,,,,,,,,,,,,,,,,,,,,,,,
,,,,,,,,,,,,,,,,,,,,,1,,,,,,,,,,,,,,,,,,,,,,,,,,,,,,,,,,
,,,,,,,,,,,,,,,,,,,,,1,,,,,,,,,,,,,,,,,,,,,,,,,,,,,,,,,,
,,,,,,,,,,,,,,,,,,,,,1,,,,,,,,,,,,,,,,,,,,,,,,,,,,,,,,,,
,,,,,,,,,,,,,,,,,,,,,1,,,,,,,,,,,,,,,,,,,,,,,,,,,,,,,,,,
,,,,,,,,,,,,,,,,,,,,,1,,,,,,,,,,,,,,,,,,,,,,,,,,,,,,,,,,
,,,,,,,,,,,,,,,,,,,,,1,,,,,,,,,,,,,,,,,,,,,,,,,,,,,,,,,,
,,,,,,,,,,,,,,,,,,,,,1,,,,,,,,,,,,,,,,,,,,,,,,,,,,,,,,,,
,,,,,,,,,,,,,,,,,,,,,1,,,,,,,,,,,,,,,,,,,,,,,,,,,,,,,,,,
,,,,,,,,,,,,,,,,,,,,,1,,,,,,,,,,,,,,,,,,,,,,,,,,,,,,,,,,
,,,,,,,,,,,,,,,,,,,,,1,,,,,,,,,,,,,,,,,,,,,,,,,,,,,,,,,,
,,,,,,,,,,,,,,,,,,,,,1,,,,,,,,,,,,,,,,,,,,,,,,,,,,,,,,,,
,,,,,,,,,,,,,,,,,,,,,1,,,,,,,,,,,,,,,,,,,,,,,,,,,,,,,,,,
,,,,,,,,,,,,,,,,,,,,,1,,,,,,,,,,,,,,,,,,,,,,,,,,,,,,,,,,
,,,,,,,,,,,,,,,,,,,,,1,,,,,,,,,,,,,,,,,,,,,,,,,,,,,,,,,,
,,,,,,,,,,,,,,,,,,,,,1,,,,,,,,,,,,,,,,,,,,,,,,,,,,,,,,,,
,,,,,,,,,,,,,,,,,,,,,1,,,,,,,,,,,,,,,,,,,,,,,,,,,,,,,,,,
,,,,,,,,,,,,,,,,,,,,,1,,,,,,,,,,,,,,,,,,,,,,,,,,,,,,,,,,
,,,,,,,,,,,,,,,,,,,,,1,,,,,,,,,,,,,,,,,,,,,,,,,,,,,,,,,,
,,,,,,,,,,,,,,,,,,,,,1,,,,,,,,,,,,,,,,,,,,,,,,,,,,,,,,,,
,,,,,,,,,,,,,,,,,,,,,1,,,,,,,,,,,,,,,,,,,,,,,,,,,,,,,,,,
,,,,,,,,,,,,,,,,,,,,,1,,,,,,,,,,,,,,,,,,,,,,,,,,,,,,,,,,
,,,,,,,,,,,,,,,,,,,,,1,,,,,,,,,,,,,,,,,,,,,,,,,,,,,,,,,,
,,,,,,,,,,,,,,,,,,,,,1,,,,,,,,,,,,,,,,,,,,,,,,,,,,,,,,,,
,,,,,,,,,,,,,,,,,,,,,1,,,,,,,,,,,,,,,,,,,,,,,,,,,,,,,,,,
,,,,,,,,,,,,,,,,,,,,,1,,,,,,,,,,,,,,,,,,,,,,,,,,,,,,,,,,
,,,,,,,,,,,,,,,,,,,,,1,,,,,,,,,,,,,,,,,,,,,,,,,,,,,,,,,,
,,,,,,,,,,,,,,,,,,,,,1,,,,,,,,,,,,,,,,,,,,,,,,,,,,,,,,,,
,,,,,,,,,,,,,,,,,,,,,1,,,,,,,,,,,,,,,,,,,,,,,,,,,,,,,,,,
,,,,,,,,,,,,,,,,,,,,,1,,,,,,,,,,,,,,,,,,,,,,,,,,,,,,,,,,
,,,,,,,,,,,,,,,,,,,,,1,,,,,,,,,,,,,,,,,,,,,,,,,,,,,,,,,,
,,,,,,,,,,,,,,,,,,,,,1,,,,,,,,,,,,,,,,,,,,,,,,,,,,,,,,,,
,,,,,,,,,,,,,,,,,,,,,1,,,,,,,,,,,,,,,,,,,,,,,,,,,,,,,,,,
,,,,,,,,,,,,,,,,,,,,,1,,,,,,,,,,,,,,,,,,,,,,,,,,,,,,,,,,
,,,,,,,,,,,,,,,,,,,,,1,,,,,,,,,,,,,,,,,,,,,,,,,,,,,,,,,,
,,,,,,,,,,,,,,,,,,,,,1,,,,,,,,,,,,,,,,,,,,,,,,,,,,,,,,,,
,,,,,,,,,,,,,,,,,,,,,1,,,,,,,,,,,,,,,,,,,,,,,,,,,,,,,,,,
,,,,,,,,,,,,,,,,,,,,,1,,,,,,,,,,,,,,,,,,,,,,,,,,,,,,,,,,
,,,,,,,,,,,,,,,,,,,,,1,,,,,,,,,,,,,,,,,,,,,,,,,,,,,,,,,,
,,,,,,,,,,,,,,,,,,,,,1,,,,,,,,,,,,,,,,,,,,,,,,,,,,,,,,,,
,,,,,,,,,,,,,,,,,,,,,1,,,,,,,,,,,,,,,,,,,,,,,,,,,,,,,,,,
,,,,,,,,,,,,,,,,,,,,,1,,,,,,,,,,,,,,,,,,,,,,,,,,,,,,,,,,
,,,,,,,,,,,,,,,,,,,,,1,,,,,,,,,,,,,,,,,,,,,,,,,,,,,,,,,,
,,,,,,,,,,,,,,,,,,,,,1,,,,,,,,,,,,,,,,,,,,,,,,,,,,,,,,,,
,,,,,,,,,,,,,,,,,,,,,1,,,,,,,,,,,,,,,,,,,,,,,,,,,,,,,,,,
,,,,,,,,,,,,,,,,,,,,,1,,,,,,,,,,,,,,,,,,,,,,,,,,,,,,,,,,
,,,,,,,,,,,,,,,,,,,,,1,,,,,,,,,,,,,,,,,,,,,,,,,,,,,,,,,,
,,,,,,,,,,,,,,,,,,,,,1,,,,,,,,,,,,,,,,,,,,,,,,,,,,,,,,,,
,,,,,,,,,,,,,,,,,,,,,1,,,,,,,,,,,,,,,,,,,,,,,,,,,,,,,,,,
,,,,,,,,,,,,,,,,,,,,,1,,,,,,,,,,,,,,,,,,,,,,,,,,,,,,,,,,
,,,,,,,,,,,,,,,,,,,,,1,,,,,,,,,,,,,,,,,,,,,,,,,,,,,,,,,,
,,,,,,,,,,,,,,,,,,,,,1,,,,,,,,,,,,,,,,,,,,,,,,,,,,,,,,,,
,,,,,,,,,,,,,,,,,,,,,1,,,,,,,,,,,,,,,,,,,,,,,,,,,,,,,,,,
,,,,,,,,,,,,,,,,,,,,,1,,,,,,,,,,,,,,,,,,,,,,,,,,,,,,,,,,
,,,,,,,,,,,,,,,,,,,,,1,,,,,,,,,,,,,,,,,,,,,,,,,,,,,,,,,,
,,,,,,,,,,,,,,,,,,,,,1,,,,,,,,,,,,,,,,,,,,,,,,,,,,,,,,,,
,,,,,,,,,,,,,,,,,,,,,1,,,,,,,,,,,,,,,,,,,,,,,,,,,,,,,,,,
,,,,,,,,,,,,,,,,,,,,,1,,,,,,,,,,,,,,,,,,,,,,,,,,,,,,,,,,
,,,,,,,,,,,,,,,,,,,,,1,,,,,,,,,,,,,,,,,,,,,,,,,,,,,,,,,,
,,,,,,,,,,,,,,,,,,,,,1,,,,,,,,,,,,,,,,,,,,,,,,,,,,,,,,,,
